Model,Crema-D,DementiaBank,Savee,Voxforge,Speech_commands,mask_challenge,ESC-50_HS,Voxceleb,Crema-D_N,DementiaBank_N,Savee_N,Voxforge_N,Speech_commands_N,mask_challenge_N,ESC-50_HS_N,Voxceleb_N,ModelPath,PerfLab_SessionID,MV3Size,Avg_Pool,Alpha,Compression,Quantized-Aware_Trained,Size(MB),Pixel4 CPU Latency(ms),Pixel4 GPU Latency(ms),Pixel1 CPU Latency(ms),Pixel1 GPU Latency(ms),,,,,,,,,,,,,,,,,,,,,,,,,,,,,,,,,,,,,,,,,,,,,,,,,,,,,,,,,,,,,,,,,,,,,,,,,,,,,,,,,,,,,,,,,,,,,,,,,,,,,,,,,,,,,,,,,,,,,,,,,,,,
Model 1,0.6915,0.6765,0.6667,0.7746,0.774,0.6115,0.7879,0.3648,0.539784976,-0.003685842,0.561642543,0.55493678,1.20536852,0.084849598,0.559006905,0.694130353,/cns/lu-d/home/srjoglekar/noss/distilled_tflite/model_1.tflite,32208,tiny,FALSE,0.5,FALSE,FALSE,25.31539154,3.188952229,4.368497817,3.103630435,30.1152,,,,,,,,,,,,,,,,,,,,,,,,,,,,,,,,,,,,,,,,,,,,,,,,,,,,,,,,,,,,,,,,,,,,,,,,,,,,,,,,,,,,,,,,,,,,,,,,,,,,,,,,,,,,,,,,,,,,,,,,,,,,
Model 2,0.669,0.6765,0.6,0.7566,0.7188,0.6119,0.803,0.3852,0.448651508,-0.003685842,0.291482441,0.482030006,0.981787746,0.086469749,0.620167588,0.776758031,/cns/lu-d/home/srjoglekar/noss/distilled_tflite/model_2.tflite,3362,tiny,FALSE,1.5,FALSE,TRUE,11.21496582,2.67313369,6.363458599,5.927372781,36.81816,,,,,,,,,,,,,,,,,,,,,,,,,,,,,,,,,,,,,,,,,,,,,,,,,,,,,,,,,,,,,,,,,,,,,,,,,,,,,,,,,,,,,,,,,,,,,,,,,,,,,,,,,,,,,,,,,,,,,,,,,,,,
Model 3,0.4145,0.6765,0.4,0.5305,0.2252,0.5449,0.5,0.0007,-0.582169272,-0.003685842,-0.518592829,-0.433760086,-1.017478018,-0.184905466,-0.607096445,-0.780611674,/cns/lu-d/home/srjoglekar/noss/distilled_tflite/model_3.tflite,3348,small,FALSE,0.75,TRUE,TRUE,1.993560791,0.771724458,4.539336364,3.595089928,11.01264835,,,,,,,,,,,,,,,,,,,,,,,,,,,,,,,,,,,,,,,,,,,,,,,,,,,,,,,,,,,,,,,,,,,,,,,,,,,,,,,,,,,,,,,,,,,,,,,,,,,,,,,,,,,,,,,,,,,,,,,,,,,,
Model 4,0.6035,0.6863,0.525,0.653,0.5476,0.6078,0.7576,0.2651,0.183351858,0.036007846,-0.012295785,0.062411016,0.288363315,0.069863206,0.436280502,0.290307831,/cns/lu-d/home/srjoglekar/noss/distilled_tflite/model_4.tflite,3238,small,FALSE,1,TRUE,FALSE,8.985748291,2.680530831,5.94927381,2.501568922,11.78236471,,,,,,,,,,,,,,,,,,,,,,,,,,,,,,,,,,,,,,,,,,,,,,,,,,,,,,,,,,,,,,,,,,,,,,,,,,,,,,,,,,,,,,,,,,,,,,,,,,,,,,,,,,,,,,,,,,,,,,,,,,,,
Model 5,0.4203,0.6765,0.4167,0.5285,0.201,0.5449,0.3788,0.0007,-0.558677089,-0.003685842,-0.450951544,-0.441860839,-1.115497126,-0.184905466,-1.098002058,-0.780611674,/cns/lu-d/home/srjoglekar/noss/distilled_tflite/model_5.tflite,3358,small,FALSE,1,TRUE,TRUE,2.507644653,1.585869841,6.050915663,3.097608696,16.24906452,,,,,,,,,,,,,,,,,,,,,,,,,,,,,,,,,,,,,,,,,,,,,,,,,,,,,,,,,,,,,,,,,,,,,,,,,,,,,,,,,,,,,,,,,,,,,,,,,,,,,,,,,,,,,,,,,,,,,,,,,,,,
Model 6,0.4492,0.6667,0.425,0.5295,0.1409,0.5281,0.2727,0.0025,-0.441621212,-0.043379531,-0.41733342,-0.437810462,-1.358924744,-0.252951789,-1.527746988,-0.773320997,/cns/lu-d/home/srjoglekar/noss/distilled_tflite/model_6.tflite,32191,small,FALSE,1.25,TRUE,FALSE,12.79331207,1.661432612,6.363550633,3.621083333,15.90834921,,,,,,,,,,,,,,,,,,,,,,,,,,,,,,,,,,,,,,,,,,,,,,,,,,,,,,,,,,,,,,,,,,,,,,,,,,,,,,,,,,,,,,,,,,,,,,,,,,,,,,,,,,,,,,,,,,,,,,,,,,,,
Model 7,0.419,0.6765,0.4,0.5285,0.1922,0.5449,0.3636,0.0007,-0.563942578,-0.003685842,-0.518592829,-0.441860839,-1.151140438,-0.184905466,-1.159567778,-0.780611674,/cns/lu-d/home/srjoglekar/noss/distilled_tflite/model_7.tflite,3363,small,FALSE,1.25,TRUE,TRUE,3.510513306,2.115222458,6.407269231,4.35871179,14.50868116,,,,,,,,,,,,,,,,,,,,,,,,,,,,,,,,,,,,,,,,,,,,,,,,,,,,,,,,,,,,,,,,,,,,,,,,,,,,,,,,,,,,,,,,,,,,,,,,,,,,,,,,,,,,,,,,,,,,,,,,,,,,
Model 8,0.3573,0.6471,0.3167,0.5285,0.0963,0.5449,0.1212,0.0007,-0.813850798,-0.122766907,-0.855989178,-0.441860839,-1.539571529,-0.184905466,-2.141379005,-0.780611674,/cns/lu-d/home/srjoglekar/noss/distilled_tflite/model_8.tflite,3349,small,FALSE,1.5,TRUE,FALSE,17.30553055,2.208960177,8.475559322,4.791736842,12.99211538,,,,,,,,,,,,,,,,,,,,,,,,,,,,,,,,,,,,,,,,,,,,,,,,,,,,,,,,,,,,,,,,,,,,,,,,,,,,,,,,,,,,,,,,,,,,,,,,,,,,,,,,,,,,,,,,,,,,,,,,,,,,
Model 9,0.4158,0.6765,0.375,0.5304,0.2241,0.5449,0.5,0.0007,-0.576903782,-0.003685842,-0.619852237,-0.434165124,-1.021933432,-0.184905466,-0.607096445,-0.780611674,/cns/lu-d/home/srjoglekar/noss/distilled_tflite/model_9.tflite,3359,small,FALSE,1.5,TRUE,TRUE,4.690826416,2.71863587,7.54006015,5.530640884,23.43722,,,,,,,,,,,,,,,,,,,,,,,,,,,,,,,,,,,,,,,,,,,,,,,,,,,,,,,,,,,,,,,,,,,,,,,,,,,,,,,,,,,,,,,,,,,,,,,,,,,,,,,,,,,,,,,,,,,,,,,,,,,,
Model 10,0.3059,0.6373,0.325,0.5285,0.0908,0.5449,0.1212,0.0007,-1.022040143,-0.162460595,-0.822371054,-0.441860839,-1.561848599,-0.184905466,-2.141379005,-0.780611674,/cns/lu-d/home/srjoglekar/noss/distilled_tflite/model_10.tflite,3364,small,FALSE,2,TRUE,FALSE,28.02047348,3.296957096,11.29621348,7.633274809,22.51074,,,,,,,,,,,,,,,,,,,,,,,,,,,,,,,,,,,,,,,,,,,,,,,,,,,,,,,,,,,,,,,,,,,,,,,,,,,,,,,,,,,,,,,,,,,,,,,,,,,,,,,,,,,,,,,,,,,,,,,,,,,,
Model 11,0.4203,0.6863,0.3833,0.5285,0.2174,0.5449,0.4848,0.0007,-0.558677089,0.036007846,-0.586234114,-0.441860839,-1.049070954,-0.184905466,-0.668662165,-0.780611674,/cns/lu-d/home/srjoglekar/noss/distilled_tflite/model_11.tflite,32209,small,FALSE,2,TRUE,TRUE,7.461639404,2.81551831,10.74750538,10.02772,23.60466,,,,,,,,,,,,,,,,,,,,,,,,,,,,,,,,,,,,,,,,,,,,,,,,,,,,,,,,,,,,,,,,,,,,,,,,,,,,,,,,,,,,,,,,,,,,,,,,,,,,,,,,,,,,,,,,,,,,,,,,,,,,
Model 12,0.6189,0.6765,0.5833,0.6347,0.5591,0.615,0.7576,0.2928,0.245727654,-0.003685842,0.223841156,-0.011710871,0.334942643,0.099025915,0.436280502,0.402503256,/cns/lu-d/home/srjoglekar/noss/distilled_tflite/model_12.tflite,3371,small,TRUE,0.5,TRUE,FALSE,3.423362732,1.438648415,4.422123894,1.194700361,9.419214953,,,,,,,,,,,,,,,,,,,,,,,,,,,,,,,,,,,,,,,,,,,,,,,,,,,,,,,,,,,,,,,,,,,,,,,,,,,,,,,,,,,,,,,,,,,,,,,,,,,,,,,,,,,,,,,,,,,,,,,,,,,,
Model 13,0.5212,0.6569,0.425,0.5737,0.3763,0.5609,0.697,0.001,-0.149994115,-0.083073219,-0.41733342,-0.258783828,-0.405466153,-0.120099445,0.190827695,-0.779396561,/cns/lu-d/home/srjoglekar/noss/distilled_tflite/model_13.tflite,3239,tiny,FALSE,2,FALSE,FALSE,61.26434326,9.628788462,8.544162393,14.13898592,49.04692,,,,,,,,,,,,,,,,,,,,,,,,,,,,,,,,,,,,,,,,,,,,,,,,,,,,,,,,,,,,,,,,,,,,,,,,,,,,,,,,,,,,,,,,,,,,,,,,,,,,,,,,,,,,,,,,,,,,,,,,,,,,
Model 14,0.4055,0.6765,0.3083,0.5285,0.1908,0.5478,0.4848,0.0007,-0.618622659,-0.003685842,-0.890012339,-0.441860839,-1.156810965,-0.173159375,-0.668662165,-0.780611674,/cns/lu-d/home/srjoglekar/noss/distilled_tflite/model_14.tflite,3381,small,TRUE,0.5,TRUE,TRUE,1.038650513,1.048580882,5.363272727,2.536561224,7.887433071,,,,,,,,,,,,,,,,,,,,,,,,,,,,,,,,,,,,,,,,,,,,,,,,,,,,,,,,,,,,,,,,,,,,,,,,,,,,,,,,,,,,,,,,,,,,,,,,,,,,,,,,,,,,,,,,,,,,,,,,,,,,
Model 15,0.5482,0.6765,0.45,0.5358,0.2683,0.5851,0.6212,0.0009,-0.040633954,-0.003685842,-0.316074011,-0.412293091,-0.842906798,-0.022080337,-0.116190832,-0.779801599,/cns/lu-d/home/srjoglekar/noss/distilled_tflite/model_15.tflite,32192,small,TRUE,0.75,TRUE,FALSE,5.125991821,2.399894231,4.824618357,1.785032258,11.57289655,,,,,,,,,,,,,,,,,,,,,,,,,,,,,,,,,,,,,,,,,,,,,,,,,,,,,,,,,,,,,,,,,,,,,,,,,,,,,,,,,,,,,,,,,,,,,,,,,,,,,,,,,,,,,,,,,,,,,,,,,,,,
Model 16,0.4306,0.6863,0.4583,0.5285,0.156,0.5449,0.4697,0.0007,-0.516958212,0.036007846,-0.282455888,-0.441860839,-1.297764062,-0.184905466,-0.729822848,-0.780611674,/cns/lu-d/home/srjoglekar/noss/distilled_tflite/model_16.tflite,3365,small,TRUE,0.75,TRUE,TRUE,1.50579834,0.755547384,4.479058296,3.763501887,9.366084112,,,,,,,,,,,,,,,,,,,,,,,,,,,,,,,,,,,,,,,,,,,,,,,,,,,,,,,,,,,,,,,,,,,,,,,,,,,,,,,,,,,,,,,,,,,,,,,,,,,,,,,,,,,,,,,,,,,,,,,,,,,,
Model 17,0.6202,0.6765,0.5917,0.641,0.5405,0.6078,0.7273,0.2879,0.250993143,-0.003685842,0.257864317,0.0138065,0.259605643,0.069863206,0.313554099,0.382656412,/cns/lu-d/home/srjoglekar/noss/distilled_tflite/model_17.tflite,3372,small,TRUE,1,TRUE,FALSE,7.033195496,1.020415984,5.357566845,4.629773148,10.33971134,,,,,,,,,,,,,,,,,,,,,,,,,,,,,,,,,,,,,,,,,,,,,,,,,,,,,,,,,,,,,,,,,,,,,,,,,,,,,,,,,,,,,,,,,,,,,,,,,,,,,,,,,,,,,,,,,,,,,,,,,,,,
Model 18,0.4364,0.6765,0.4,0.5321,0.202,0.5449,0.5,0.0007,-0.49346603,-0.003685842,-0.518592829,-0.427279484,-1.11144675,-0.184905466,-0.607096445,-0.780611674,/cns/lu-d/home/srjoglekar/noss/distilled_tflite/model_18.tflite,3382,small,TRUE,1,TRUE,TRUE,2.019714355,0.951188931,4.712146226,4.430195556,8.512177966,,,,,,,,,,,,,,,,,,,,,,,,,,,,,,,,,,,,,,,,,,,,,,,,,,,,,,,,,,,,,,,,,,,,,,,,,,,,,,,,,,,,,,,,,,,,,,,,,,,,,,,,,,,,,,,,,,,,,,,,,,,,
Model 19,0.5353,0.6667,0.6167,0.5971,0.2712,0.5624,0.6667,0.0007,-0.092883809,-0.043379531,0.359123726,-0.164005021,-0.831160707,-0.11402388,0.068101292,-0.780611674,/cns/lu-d/home/srjoglekar/noss/distilled_tflite/model_19.tflite,3366,small,TRUE,1.25,TRUE,FALSE,10.35236359,3.797030418,5.4905,3.350530201,13.74389041,,,,,,,,,,,,,,,,,,,,,,,,,,,,,,,,,,,,,,,,,,,,,,,,,,,,,,,,,,,,,,,,,,,,,,,,,,,,,,,,,,,,,,,,,,,,,,,,,,,,,,,,,,,,,,,,,,,,,,,,,,,,
Model 20,0.4312,0.6765,0.45,0.5285,0.2072,0.5449,0.4697,0.0007,-0.514527987,-0.003685842,-0.316074011,-0.441860839,-1.090384793,-0.184905466,-0.729822848,-0.780611674,/cns/lu-d/home/srjoglekar/noss/distilled_tflite/model_20.tflite,3373,small,TRUE,1.25,TRUE,TRUE,2.900527954,1.349553451,5.639578652,4.250268085,12.37348148,,,,,,,,,,,,,,,,,,,,,,,,,,,,,,,,,,,,,,,,,,,,,,,,,,,,,,,,,,,,,,,,,,,,,,,,,,,,,,,,,,,,,,,,,,,,,,,,,,,,,,,,,,,,,,,,,,,,,,,,,,,,
Model 21,0.608,0.6765,0.5083,0.6409,0.5229,0.5864,0.7727,0.2931,0.201578551,-0.003685842,-0.07993707,0.013401463,0.18831902,-0.016814848,0.497441185,0.403718369,/cns/lu-d/home/srjoglekar/noss/distilled_tflite/model_21.tflite,3383,small,TRUE,1.5,TRUE,FALSE,14.37630463,1.907604207,6.726597315,4.50336036,8.795078947,,,,,,,,,,,,,,,,,,,,,,,,,,,,,,,,,,,,,,,,,,,,,,,,,,,,,,,,,,,,,,,,,,,,,,,,,,,,,,,,,,,,,,,,,,,,,,,,,,,,,,,,,,,,,,,,,,,,,,,,,,,,
Model 22,0.4364,0.6765,0.3917,0.5305,0.1992,0.5449,0.5606,0.0007,-0.49346603,-0.003685842,-0.552210952,-0.433760086,-1.122787803,-0.184905466,-0.361643638,-0.780611674,/cns/lu-d/home/srjoglekar/noss/distilled_tflite/model_22.tflite,3367,small,TRUE,1.5,TRUE,TRUE,3.958786011,2.777838889,6.751432432,7.27426087,9.913306931,,,,,,,,,,,,,,,,,,,,,,,,,,,,,,,,,,,,,,,,,,,,,,,,,,,,,,,,,,,,,,,,,,,,,,,,,,,,,,,,,,,,,,,,,,,,,,,,,,,,,,,,,,,,,,,,,,,,,,,,,,,,
Model 23,0.5321,0.6765,0.5333,0.5633,0.2624,0.5913,0.6364,0.0009,-0.105845013,-0.003685842,0.021322338,-0.300907742,-0.866804018,0.003031996,-0.054625111,-0.779801599,/cns/lu-d/home/srjoglekar/noss/distilled_tflite/model_23.tflite,3374,small,TRUE,2,TRUE,FALSE,24.11468506,2.911137026,8.816245614,7.19876259,19.27284906,,,,,,,,,,,,,,,,,,,,,,,,,,,,,,,,,,,,,,,,,,,,,,,,,,,,,,,,,,,,,,,,,,,,,,,,,,,,,,,,,,,,,,,,,,,,,,,,,,,,,,,,,,,,,,,,,,,,,,,,,,,,
Model 24,0.6427,0.6765,0.7167,0.7434,0.716,0.6366,0.7727,0.3973,0.342126611,-0.003685842,0.76416136,0.428565038,0.970446692,0.186514044,0.497441185,0.825767584,/cns/lu-d/home/srjoglekar/noss/distilled_tflite/model_24.tflite,3384,tiny,FALSE,2,FALSE,TRUE,15.66676331,3.610187726,6.84862585,8.312099174,46.62734,,,,,,,,,,,,,,,,,,,,,,,,,,,,,,,,,,,,,,,,,,,,,,,,,,,,,,,,,,,,,,,,,,,,,,,,,,,,,,,,,,,,,,,,,,,,,,,,,,,,,,,,,,,,,,,,,,,,,,,,,,,,
Model 25,0.4441,0.6765,0.35,0.5298,0.1965,0.5449,0.5455,0.0007,-0.462278132,-0.003685842,-0.721111646,-0.436595349,-1.13372382,-0.184905466,-0.422804321,-0.780611674,/cns/lu-d/home/srjoglekar/noss/distilled_tflite/model_25.tflite,3368,small,TRUE,2,TRUE,TRUE,6.485046387,3.94987747,9.040477477,10.61125263,23.83146,,,,,,,,,,,,,,,,,,,,,,,,,,,,,,,,,,,,,,,,,,,,,,,,,,,,,,,,,,,,,,,,,,,,,,,,,,,,,,,,,,,,,,,,,,,,,,,,,,,,,,,,,,,,,,,,,,,,,,,,,,,,
Model 26,0.6285,0.6863,0.6167,0.6406,0.5853,0.611,0.7576,0.2312,0.284611266,0.036007846,0.359123726,0.01218635,0.441062504,0.08282441,0.436280502,0.153000073,/cns/lu-d/home/srjoglekar/noss/distilled_tflite/model_26.tflite,3375,large,FALSE,0.5,TRUE,FALSE,9.167064667,1.443137482,5.683323864,2.950295858,13.81731507,,,,,,,,,,,,,,,,,,,,,,,,,,,,,,,,,,,,,,,,,,,,,,,,,,,,,,,,,,,,,,,,,,,,,,,,,,,,,,,,,,,,,,,,,,,,,,,,,,,,,,,,,,,,,,,,,,,,,,,,,,,,
Model 27,0.412,0.6667,0.3667,0.5285,0.2065,0.5449,0.5303,0.0007,-0.592295212,-0.043379531,-0.653470361,-0.441860839,-1.093220056,-0.184905466,-0.484370042,-0.780611674,/cns/lu-d/home/srjoglekar/noss/distilled_tflite/model_27.tflite,3385,large,FALSE,0.5,TRUE,TRUE,2.572265625,1.226028256,5.400697297,5.344459893,11.15297778,,,,,,,,,,,,,,,,,,,,,,,,,,,,,,,,,,,,,,,,,,,,,,,,,,,,,,,,,,,,,,,,,,,,,,,,,,,,,,,,,,,,,,,,,,,,,,,,,,,,,,,,,,,,,,,,,,,,,,,,,,,,
Model 28,0.5553,0.6863,0.4667,0.566,0.3986,0.6139,0.5909,0.0016,-0.011876282,0.036007846,-0.248432726,-0.289971726,-0.31514276,0.094570501,-0.238917235,-0.776966336,/cns/lu-d/home/srjoglekar/noss/distilled_tflite/model_28.tflite,3369,large,FALSE,0.75,TRUE,FALSE,14.12832642,2.275193622,6.546104575,5.020396985,10.92986957,,,,,,,,,,,,,,,,,,,,,,,,,,,,,,,,,,,,,,,,,,,,,,,,,,,,,,,,,,,,,,,,,,,,,,,,,,,,,,,,,,,,,,,,,,,,,,,,,,,,,,,,,,,,,,,,,,,,,,,,,,,,
Model 29,0.4254,0.6863,0.4083,0.5285,0.2067,0.5449,0.4242,0.0007,-0.538020169,0.036007846,-0.484974705,-0.441860839,-1.092409981,-0.184905466,-0.914114972,-0.780611674,/cns/lu-d/home/srjoglekar/noss/distilled_tflite/model_29.tflite,3376,large,FALSE,0.75,TRUE,TRUE,3.892959595,2.21621286,6.804653061,6.644198675,17.02733898,,,,,,,,,,,,,,,,,,,,,,,,,,,,,,,,,,,,,,,,,,,,,,,,,,,,,,,,,,,,,,,,,,,,,,,,,,,,,,,,,,,,,,,,,,,,,,,,,,,,,,,,,,,,,,,,,,,,,,,,,,,,
Model 30,0.5816,0.6863,0.5333,0.613,0.4765,0.6,0.7273,0.2913,0.094648616,0.036007846,0.021322338,-0.099604037,0.000381557,0.03827027,0.313554099,0.396427692,/cns/lu-d/home/srjoglekar/noss/distilled_tflite/model_30.tflite,3386,large,FALSE,1,TRUE,FALSE,19.80057526,6.9018,8.104266129,12.31396341,20.76004,,,,,,,,,,,,,,,,,,,,,,,,,,,,,,,,,,,,,,,,,,,,,,,,,,,,,,,,,,,,,,,,,,,,,,,,,,,,,,,,,,,,,,,,,,,,,,,,,,,,,,,,,,,,,,,,,,,,,,,,,,,,
Model 31,0.4152,0.6863,0.3583,0.5285,0.2025,0.5449,0.5152,0.0007,-0.579334008,0.036007846,-0.687493522,-0.441860839,-1.109421562,-0.184905466,-0.545530724,-0.780611674,/cns/lu-d/home/srjoglekar/noss/distilled_tflite/model_31.tflite,32210,large,FALSE,1,TRUE,TRUE,5.384170532,2.772647222,7.752821705,8.281842975,16.4497541,,,,,,,,,,,,,,,,,,,,,,,,,,,,,,,,,,,,,,,,,,,,,,,,,,,,,,,,,,,,,,,,,,,,,,,,,,,,,,,,,,,,,,,,,,,,,,,,,,,,,,,,,,,,,,,,,,,,,,,,,,,,
Model 32,0.6253,0.6863,0.5083,0.6254,0.5777,0.6135,0.7879,0.299,0.271650062,0.036007846,-0.07993707,-0.049379371,0.410279643,0.092950351,0.559006905,0.42761559,/cns/lu-d/home/srjoglekar/noss/distilled_tflite/model_32.tflite,3370,large,FALSE,1.25,TRUE,FALSE,29.87593842,4.359147826,9.962861386,10.25565306,22.85338,,,,,,,,,,,,,,,,,,,,,,,,,,,,,,,,,,,,,,,,,,,,,,,,,,,,,,,,,,,,,,,,,,,,,,,,,,,,,,,,,,,,,,,,,,,,,,,,,,,,,,,,,,,,,,,,,,,,,,,,,,,,
Model 33,0.4062,0.6863,0.3917,0.5337,0.2025,0.5449,0.5,0.0007,-0.615787395,0.036007846,-0.552210952,-0.420798882,-1.109421562,-0.184905466,-0.607096445,-0.780611674,/cns/lu-d/home/srjoglekar/noss/distilled_tflite/model_33.tflite,3377,large,FALSE,1.25,TRUE,TRUE,8.000335693,3.800562738,10.47114583,14.55253623,26.0521,,,,,,,,,,,,,,,,,,,,,,,,,,,,,,,,,,,,,,,,,,,,,,,,,,,,,,,,,,,,,,,,,,,,,,,,,,,,,,,,,,,,,,,,,,,,,,,,,,,,,,,,,,,,,,,,,,,,,,,,,,,,
Model 34,0.6112,0.6863,0.5667,0.5772,0.4436,0.6111,0.6818,0.0034,0.214539756,0.036007846,0.156604908,-0.244607511,-0.132875825,0.083229448,0.129261975,-0.769675658,/cns/lu-d/home/srjoglekar/noss/distilled_tflite/model_34.tflite,3387,large,FALSE,1.5,TRUE,FALSE,41.09424591,5.807680233,11.7325,14.08921127,23.5507,,,,,,,,,,,,,,,,,,,,,,,,,,,,,,,,,,,,,,,,,,,,,,,,,,,,,,,,,,,,,,,,,,,,,,,,,,,,,,,,,,,,,,,,,,,,,,,,,,,,,,,,,,,,,,,,,,,,,,,,,,,,
Model 35,0.6587,0.6765,0.675,0.6947,0.7086,0.6179,0.8636,0.3088,0.406932632,-0.003685842,0.595260667,0.23131171,0.940473907,0.110772007,0.865620394,0.467309278,/cns/lu-d/home/srjoglekar/noss/distilled_tflite/model_35.tflite,3391,tiny,TRUE,0.5,FALSE,FALSE,5.316917419,1.347215924,3.583802867,2.406345411,11.46919318,,,,,,,,,,,,,,,,,,,,,,,,,,,,,,,,,,,,,,,,,,,,,,,,,,,,,,,,,,,,,,,,,,,,,,,,,,,,,,,,,,,,,,,,,,,,,,,,,,,,,,,,,,,,,,,,,,,,,,,,,,,,
Model 36,0.3985,0.6765,0.3583,0.5285,0.1953,0.5449,0.4848,0.0007,-0.646975293,-0.003685842,-0.687493522,-0.441860839,-1.138584271,-0.184905466,-0.668662165,-0.780611674,/cns/lu-d/home/srjoglekar/noss/distilled_tflite/model_36.tflite,3378,large,FALSE,1.5,TRUE,TRUE,10.89346313,4.833376812,11.03405495,19.06175472,25.77432,,,,,,,,,,,,,,,,,,,,,,,,,,,,,,,,,,,,,,,,,,,,,,,,,,,,,,,,,,,,,,,,,,,,,,,,,,,,,,,,,,,,,,,,,,,,,,,,,,,,,,,,,,,,,,,,,,,,,,,,,,,,
Model 37,0.536,0.6667,0.5667,-1,-1,0.6029,0.6364,0.001,-0.090048546,-0.043379531,0.156604908,-2.582484737,-1.929622771,0.050016362,-0.054625111,-0.779396561,/cns/lu-d/home/srjoglekar/noss/distilled_tflite/model_37.tflite,3388,large,FALSE,2,TRUE,FALSE,69.82167435,21.81612,18.25347273,23.04702,32.7373,,,,,,,,,,,,,,,,,,,,,,,,,,,,,,,,,,,,,,,,,,,,,,,,,,,,,,,,,,,,,,,,,,,,,,,,,,,,,,,,,,,,,,,,,,,,,,,,,,,,,,,,,,,,,,,,,,,,,,,,,,,,
Model 38,0.3972,0.6863,0.35,0.5285,0.1773,0.5449,0.4242,0.0007,-0.652240782,0.036007846,-0.721111646,-0.441860839,-1.211491045,-0.184905466,-0.914114972,-0.780611674,/cns/lu-d/home/srjoglekar/noss/distilled_tflite/model_38.tflite,3392,large,FALSE,2,TRUE,TRUE,18.25195313,10.05447,18.37585455,24.79894,34.53422,,,,,,,,,,,,,,,,,,,,,,,,,,,,,,,,,,,,,,,,,,,,,,,,,,,,,,,,,,,,,,,,,,,,,,,,,,,,,,,,,,,,,,,,,,,,,,,,,,,,,,,,,,,,,,,,,,,,,,,,,,,,
Model 39,0.6157,0.6961,0.625,0.6226,0.5145,0.6014,0.7273,0.2912,0.232766449,0.075701534,0.392741849,-0.060720425,0.154295858,0.043940797,0.313554099,0.396022654,/cns/lu-d/home/srjoglekar/noss/distilled_tflite/model_39.tflite,3379,large,TRUE,0.5,TRUE,FALSE,6.725875854,3.124209375,5.183170984,2.697851351,10.29459184,,,,,,,,,,,,,,,,,,,,,,,,,,,,,,,,,,,,,,,,,,,,,,,,,,,,,,,,,,,,,,,,,,,,,,,,,,,,,,,,,,,,,,,,,,,,,,,,,,,,,,,,,,,,,,,,,,,,,,,,,,,,
Model 40,0.4428,0.6765,0.3833,0.5285,0.1755,0.5449,0.4848,0.0007,-0.467543621,-0.003685842,-0.586234114,-0.441860839,-1.218781723,-0.184905466,-0.668662165,-0.780611674,/cns/lu-d/home/srjoglekar/noss/distilled_tflite/model_40.tflite,3389,large,TRUE,0.5,TRUE,TRUE,1.962112427,2.083258333,5.206947917,3.44292069,12.7059375,,,,,,,,,,,,,,,,,,,,,,,,,,,,,,,,,,,,,,,,,,,,,,,,,,,,,,,,,,,,,,,,,,,,,,,,,,,,,,,,,,,,,,,,,,,,,,,,,,,,,,,,,,,,,,,,,,,,,,,,,,,,
Model 41,0.3323,0.6471,0.2583,0.5285,0.0849,0.5449,0.1212,0.0007,-0.915110207,-0.122766907,-1.092531157,-0.441860839,-1.58574582,-0.184905466,-2.141379005,-0.780611674,/cns/lu-d/home/srjoglekar/noss/distilled_tflite/model_41.tflite,3240,large,TRUE,0.75,TRUE,FALSE,11.68717575,2.028402439,6.218503106,4.75252381,10.79098925,,,,,,,,,,,,,,,,,,,,,,,,,,,,,,,,,,,,,,,,,,,,,,,,,,,,,,,,,,,,,,,,,,,,,,,,,,,,,,,,,,,,,,,,,,,,,,,,,,,,,,,,,,,,,,,,,,,,,,,,,,,,
Model 42,0.59,0.7157,0.525,0.5772,0.3777,0.611,0.6667,0.0019,0.128671777,0.15508891,-0.012295785,-0.244607511,-0.399795626,0.08282441,0.068101292,-0.775751223,/cns/lu-d/home/srjoglekar/noss/distilled_tflite/model_42.tflite,3301,large,TRUE,1,TRUE,FALSE,17.35942459,6.925627586,6.834163265,6.468922581,11.46617045,,,,,,,,,,,,,,,,,,,,,,,,,,,,,,,,,,,,,,,,,,,,,,,,,,,,,,,,,,,,,,,,,,,,,,,,,,,,,,,,,,,,,,,,,,,,,,,,,,,,,,,,,,,,,,,,,,,,,,,,,,,,
Model 43,0.4158,0.6765,0.3917,0.5285,0.2239,0.5449,0.5152,0.0007,-0.576903782,-0.003685842,-0.552210952,-0.441860839,-1.022743508,-0.184905466,-0.545530724,-0.780611674,/cns/lu-d/home/srjoglekar/noss/distilled_tflite/model_43.tflite,32200,large,TRUE,1,TRUE,TRUE,4.773986816,4.109245902,6.908565517,8.362608333,13.67483784,,,,,,,,,,,,,,,,,,,,,,,,,,,,,,,,,,,,,,,,,,,,,,,,,,,,,,,,,,,,,,,,,,,,,,,,,,,,,,,,,,,,,,,,,,,,,,,,,,,,,,,,,,,,,,,,,,,,,,,,,,,,
Model 44,0.6125,0.6765,0.6667,0.6485,0.4789,0.6091,0.7424,0.0946,0.219805245,-0.003685842,0.561642543,0.044184323,0.01010246,0.075128695,0.374714781,-0.400281335,/cns/lu-d/home/srjoglekar/noss/distilled_tflite/model_44.tflite,32178,large,TRUE,1.25,TRUE,FALSE,26.82438278,9.850627451,8.742686957,9.903009901,17.37732759,,,,,,,,,,,,,,,,,,,,,,,,,,,,,,,,,,,,,,,,,,,,,,,,,,,,,,,,,,,,,,,,,,,,,,,,,,,,,,,,,,,,,,,,,,,,,,,,,,,,,,,,,,,,,,,,,,,,,,,,,,,,
Model 45,0.6665,0.6765,0.6083,0.7173,0.7053,0.6274,0.803,0.3193,0.438525568,-0.003685842,0.325100564,0.322850215,0.927107665,0.149250582,0.620167588,0.509838229,/cns/lu-d/home/srjoglekar/noss/distilled_tflite/model_45.tflite,3270,tiny,TRUE,0.5,FALSE,TRUE,1.471481323,0.880733451,4.098709016,2.146467672,9.378093458,,,,,,,,,,,,,,,,,,,,,,,,,,,,,,,,,,,,,,,,,,,,,,,,,,,,,,,,,,,,,,,,,,,,,,,,,,,,,,,,,,,,,,,,,,,,,,,,,,,,,,,,,,,,,,,,,,,,,,,,,,,,
Model 46,0.4248,0.6667,0.35,0.5285,0.1834,0.5449,0.4394,0.0007,-0.540450395,-0.043379531,-0.721111646,-0.441860839,-1.18678375,-0.184905466,-0.852549251,-0.780611674,/cns/lu-d/home/srjoglekar/noss/distilled_tflite/model_46.tflite,3302,large,TRUE,1.25,TRUE,TRUE,7.237564087,3.76343609,9.039171171,12.2150122,21.88892,,,,,,,,,,,,,,,,,,,,,,,,,,,,,,,,,,,,,,,,,,,,,,,,,,,,,,,,,,,,,,,,,,,,,,,,,,,,,,,,,,,,,,,,,,,,,,,,,,,,,,,,,,,,,,,,,,,,,,,,,,,,
Model 47,0.2847,0.6569,0.2833,0.5285,0.0834,0.5449,0.1212,0.0007,-1.107908121,-0.083073219,-0.991271748,-0.441860839,-1.591821384,-0.184905466,-2.141379005,-0.780611674,/cns/lu-d/home/srjoglekar/noss/distilled_tflite/model_47.tflite,32179,large,TRUE,1.5,TRUE,FALSE,37.43234634,13.29160526,10.98046154,24.0492,23.20076,,,,,,,,,,,,,,,,,,,,,,,,,,,,,,,,,,,,,,,,,,,,,,,,,,,,,,,,,,,,,,,,,,,,,,,,,,,,,,,,,,,,,,,,,,,,,,,,,,,,,,,,,,,,,,,,,,,,,,,,,,,,
Model 48,0.4897,0.6863,0.5,0.5576,0.3378,0.5796,0.5606,0.0007,-0.27758097,0.036007846,-0.113555194,-0.323994887,-0.561405642,-0.044357407,-0.361643638,-0.780611674,/cns/lu-d/home/srjoglekar/noss/distilled_tflite/model_48.tflite,3271,large,TRUE,2,TRUE,FALSE,64.8350029,21.54468,16.89633333,38.26298,31.59486,,,,,,,,,,,,,,,,,,,,,,,,,,,,,,,,,,,,,,,,,,,,,,,,,,,,,,,,,,,,,,,,,,,,,,,,,,,,,,,,,,,,,,,,,,,,,,,,,,,,,,,,,,,,,,,,,,,,,,,,,,,,
Model 49,0.4267,0.6667,0.3917,0.5285,0.1877,0.5449,0.4697,0.0007,-0.53275468,-0.043379531,-0.552210952,-0.441860839,-1.169367131,-0.184905466,-0.729822848,-0.780611674,/cns/lu-d/home/srjoglekar/noss/distilled_tflite/model_49.tflite,3231,large,TRUE,2,TRUE,TRUE,17.03115845,10.3158866,16.45411475,27.74962,31.15508,,,,,,,,,,,,,,,,,,,,,,,,,,,,,,,,,,,,,,,,,,,,,,,,,,,,,,,,,,,,,,,,,,,,,,,,,,,,,,,,,,,,,,,,,,,,,,,,,,,,,,,,,,,,,,,,,,,,,,,,,,,,
Model 50,0.6838,0.6863,0.6583,0.7037,0.6994,0.6332,0.8636,0.349,0.508597078,0.036007846,0.527619382,0.267765097,0.903210445,0.172742765,0.865620394,0.630134407,/cns/lu-d/home/srjoglekar/noss/distilled_tflite/model_50.tflite,3303,tiny,TRUE,0.75,FALSE,FALSE,6.336654663,1.669453177,3.875631783,1.586980861,8.327383333,,,,,,,,,,,,,,,,,,,,,,,,,,,,,,,,,,,,,,,,,,,,,,,,,,,,,,,,,,,,,,,,,,,,,,,,,,,,,,,,,,,,,,,,,,,,,,,,,,,,,,,,,,,,,,,,,,,,,,,,,,,,
Model 51,0.644,0.6863,0.6917,0.6686,0.6677,0.6186,0.8182,0.328,0.3473921,0.036007846,0.662901951,0.125596887,0.774813514,0.11360727,0.681733308,0.545076504,/cns/lu-d/home/srjoglekar/noss/distilled_tflite/model_51.tflite,32184,tiny,TRUE,0.75,FALSE,TRUE,1.756942749,0.615850959,3.740464419,2.991765766,11.2031,,,,,,,,,,,,,,,,,,,,,,,,,,,,,,,,,,,,,,,,,,,,,,,,,,,,,,,,,,,,,,,,,,,,,,,,,,,,,,,,,,,,,,,,,,,,,,,,,,,,,,,,,,,,,,,,,,,,,,,,,,,,
Model 52,0.6922,0.6765,0.6083,0.7169,0.7027,0.6361,0.803,0.3525,0.54262024,-0.003685842,0.325100564,0.321230065,0.916576687,0.184488856,0.620167588,0.644310724,/cns/lu-d/home/srjoglekar/noss/distilled_tflite/model_52.tflite,32180,tiny,TRUE,1,FALSE,FALSE,7.46465683,2.047622951,4.453222222,1.915103846,13.19496053,,,,,,,,,,,,,,,,,,,,,,,,,,,,,,,,,,,,,,,,,,,,,,,,,,,,,,,,,,,,,,,,,,,,,,,,,,,,,,,,,,,,,,,,,,,,,,,,,,,,,,,,,,,,,,,,,,,,,,,,,,,,
Model 53,0.6465,0.6765,0.65,0.6652,0.6693,0.6201,0.7879,0.3216,0.357518041,-0.003685842,0.494001258,0.111825608,0.781294117,0.119682835,0.559006905,0.519154095,/cns/lu-d/home/srjoglekar/noss/distilled_tflite/model_53.tflite,3272,tiny,TRUE,1,FALSE,TRUE,2.066162109,1.328909574,3.91109375,2.360334123,11.68784884,,,,,,,,,,,,,,,,,,,,,,,,,,,,,,,,,,,,,,,,,,,,,,,,,,,,,,,,,,,,,,,,,,,,,,,,,,,,,,,,,,,,,,,,,,,,,,,,,,,,,,,,,,,,,,,,,,,,,,,,,,,,
Model 54,0.6632,0.6765,0.6333,0.7458,0.6955,0.6372,0.7879,0.3459,0.425159326,-0.003685842,0.426359973,0.438285941,0.887413977,0.18894427,0.559006905,0.61757824,/cns/lu-d/home/srjoglekar/noss/distilled_tflite/model_54.tflite,32201,tiny,TRUE,1.25,FALSE,FALSE,10.35046387,2.87915562,4.344526087,2.718989101,15.64029688,,,,,,,,,,,,,,,,,,,,,,,,,,,,,,,,,,,,,,,,,,,,,,,,,,,,,,,,,,,,,,,,,,,,,,,,,,,,,,,,,,,,,,,,,,,,,,,,,,,,,,,,,,,,,,,,,,,,,,,,,,,,
Model 55,0.6735,0.6961,0.625,0.7672,0.7452,0.6255,0.7879,0.3585,0.466878202,0.075701534,0.392741849,0.524963995,1.088717681,0.141554867,0.559006905,0.668612982,/cns/lu-d/home/srjoglekar/noss/distilled_tflite/model_55.tflite,3232,tiny,FALSE,0.5,FALSE,TRUE,6.471557617,0.862521212,4.153526971,2.458418719,30.14928,,,,,,,,,,,,,,,,,,,,,,,,,,,,,,,,,,,,,,,,,,,,,,,,,,,,,,,,,,,,,,,,,,,,,,,,,,,,,,,,,,,,,,,,,,,,,,,,,,,,,,,,,,,,,,,,,,,,,,,,,,,,
Model 56,0.3136,0.6765,0.3167,0.5425,0.1409,0.5117,0.4697,0.0018,-0.990852245,-0.003685842,-0.855989178,-0.38515557,-1.358924744,-0.319377961,-0.729822848,-0.77615626,/cns/lu-d/home/srjoglekar/noss/distilled_tflite/model_56.tflite,3304,tiny,TRUE,1.25,FALSE,TRUE,2.826828003,1.047252101,4.091922131,3.301748344,10.32814433,,,,,,,,,,,,,,,,,,,,,,,,,,,,,,,,,,,,,,,,,,,,,,,,,,,,,,,,,,,,,,,,,,,,,,,,,,,,,,,,,,,,,,,,,,,,,,,,,,,,,,,,,,,,,,,,,,,,,,,,,,,,
Model 57,0.6864,0.6765,0.5833,0.732,0.7476,0.6327,0.803,0.3684,0.519128057,-0.003685842,0.223841156,0.382390748,1.098438584,0.170717577,0.620167588,0.708711708,/cns/lu-d/home/srjoglekar/noss/distilled_tflite/model_57.tflite,32181,tiny,TRUE,1.5,FALSE,FALSE,13.73384857,4.455635556,4.689521127,6.602421053,11.11253333,,,,,,,,,,,,,,,,,,,,,,,,,,,,,,,,,,,,,,,,,,,,,,,,,,,,,,,,,,,,,,,,,,,,,,,,,,,,,,,,,,,,,,,,,,,,,,,,,,,,,,,,,,,,,,,,,,,,,,,,,,,,
Model 58,0.2237,0.6765,0.2583,0.5435,0.0945,0.506,0.3636,0.001,-1.354981078,-0.003685842,-1.092531157,-0.381105193,-1.546862207,-0.342465106,-1.159567778,-0.779396561,/cns/lu-d/home/srjoglekar/noss/distilled_tflite/model_58.tflite,3273,tiny,TRUE,1.5,FALSE,TRUE,3.715545654,1.358832425,4.537158371,5.634095506,18.06980357,,,,,,,,,,,,,,,,,,,,,,,,,,,,,,,,,,,,,,,,,,,,,,,,,,,,,,,,,,,,,,,,,,,,,,,,,,,,,,,,,,,,,,,,,,,,,,,,,,,,,,,,,,,,,,,,,,,,,,,,,,,,
Model 59,0.6787,0.6765,0.6417,0.7534,0.7485,0.636,0.803,0.4099,0.487940159,-0.003685842,0.460383134,0.469068801,1.102083923,0.184083819,0.620167588,0.876802326,/cns/lu-d/home/srjoglekar/noss/distilled_tflite/model_59.tflite,3305,tiny,TRUE,2,FALSE,FALSE,21.26431656,2.487378109,6.052381818,5.471081967,22.39194,,,,,,,,,,,,,,,,,,,,,,,,,,,,,,,,,,,,,,,,,,,,,,,,,,,,,,,,,,,,,,,,,,,,,,,,,,,,,,,,,,,,,,,,,,,,,,,,,,,,,,,,,,,,,,,,,,,,,,,,,,,,
Model 60,0.2429,0.6765,0.275,0.5419,0.1006,0.5075,0.3182,0.001,-1.277213852,-0.003685842,-1.024889872,-0.387585796,-1.522154911,-0.336389542,-1.343454864,-0.779396561,/cns/lu-d/home/srjoglekar/noss/distilled_tflite/model_60.tflite,38361,tiny,TRUE,2,FALSE,TRUE,5.666732788,2.079254167,6.202432099,6.116493902,23.19018,,,,,,,,,,,,,,,,,,,,,,,,,,,,,,,,,,,,,,,,,,,,,,,,,,,,,,,,,,,,,,,,,,,,,,,,,,,,,,,,,,,,,,,,,,,,,,,,,,,,,,,,,,,,,,,,,,,,,,,,,,,,
Model 61,0.5835,0.6667,0.525,0.5984,0.4589,0.5993,0.697,0.0672,0.102344331,-0.043379531,-0.012295785,-0.158739532,-0.070905066,0.035435007,0.190827695,-0.511261647,/cns/lu-d/home/srjoglekar/noss/distilled_tflite/model_61.tflite,3274,small,FALSE,0.5,FALSE,FALSE,50.22280502,3.74793633,6.161515337,8.344883333,60.22878,,,,,,,,,,,,,,,,,,,,,,,,,,,,,,,,,,,,,,,,,,,,,,,,,,,,,,,,,,,,,,,,,,,,,,,,,,,,,,,,,,,,,,,,,,,,,,,,,,,,,,,,,,,,,,,,,,,,,,,,,,,,
Model 62,0.6697,0.6863,0.675,0.7534,0.7665,0.6343,0.7727,0.3702,0.451486772,0.036007846,0.595260667,0.469068801,1.174990697,0.177198179,0.497441185,0.716002385,/cns/lu-d/home/srjoglekar/noss/distilled_tflite/model_62.tflite,32185,small,FALSE,0.5,FALSE,TRUE,12.7467041,1.87926742,6.27518125,2.983677612,44.89668,,,,,,,,,,,,,,,,,,,,,,,,,,,,,,,,,,,,,,,,,,,,,,,,,,,,,,,,,,,,,,,,,,,,,,,,,,,,,,,,,,,,,,,,,,,,,,,,,,,,,,,,,,,,,,,,,,,,,,,,,,,,
Model 63,0.5707,0.6765,0.4083,-1,0.3591,0.5949,0.6364,0.0012,0.050499514,-0.003685842,-0.484974705,-2.582484737,-0.475132626,0.017613351,-0.054625111,-0.778586486,/cns/lu-d/home/srjoglekar/noss/distilled_tflite/model_63.tflite,3306,small,FALSE,0.75,FALSE,FALSE,51.92674255,6.574828947,7.082295775,8.735869565,37.02378,,,,,,,,,,,,,,,,,,,,,,,,,,,,,,,,,,,,,,,,,,,,,,,,,,,,,,,,,,,,,,,,,,,,,,,,,,,,,,,,,,,,,,,,,,,,,,,,,,,,,,,,,,,,,,,,,,,,,,,,,,,,
Model 64,0.6645,0.6765,0.7083,0.7463,0.747,0.6251,0.7727,0.3498,0.430424815,-0.003685842,0.730138199,0.440311129,1.096008359,0.139934716,0.497441185,0.633374708,/cns/lu-d/home/srjoglekar/noss/distilled_tflite/model_64.tflite,3319,small,FALSE,0.75,FALSE,TRUE,13.21766663,1.766012389,6.716577181,4.607645161,99.2356,,,,,,,,,,,,,,,,,,,,,,,,,,,,,,,,,,,,,,,,,,,,,,,,,,,,,,,,,,,,,,,,,,,,,,,,,,,,,,,,,,,,,,,,,,,,,,,,,,,,,,,,,,,,,,,,,,,,,,,,,,,,
Model 65,0.6979,0.6863,0.6583,0.7889,0.7865,0.6343,0.8333,0.4006,0.565707385,0.036007846,0.527619382,0.612857162,1.255998224,0.177198179,0.742893991,0.839133826,/cns/lu-d/home/srjoglekar/noss/distilled_tflite/model_65.tflite,3275,small,FALSE,1,FALSE,FALSE,53.83361435,7.12970922,6.918275862,9.629317308,38.97316,,,,,,,,,,,,,,,,,,,,,,,,,,,,,,,,,,,,,,,,,,,,,,,,,,,,,,,,,,,,,,,,,,,,,,,,,,,,,,,,,,,,,,,,,,,,,,,,,,,,,,,,,,,,,,,,,,,,,,,,,,,,
Model 66,0.6799,0.6765,0.6583,0.7197,0.7548,0.6209,0.803,0.3805,0.492800611,-0.003685842,0.527619382,0.332571119,1.127601294,0.122923136,0.620167588,0.757721262,/cns/lu-d/home/srjoglekar/noss/distilled_tflite/model_66.tflite,3307,tiny,FALSE,0.75,FALSE,FALSE,26.33672333,2.15995671,4.194058577,3.543365248,31.73138,,,,,,,,,,,,,,,,,,,,,,,,,,,,,,,,,,,,,,,,,,,,,,,,,,,,,,,,,,,,,,,,,,,,,,,,,,,,,,,,,,,,,,,,,,,,,,,,,,,,,,,,,,,,,,,,,,,,,,,,,,,,
Model 67,0.669,0.6863,0.5833,0.7414,0.7636,0.6296,0.803,0.3892,0.448651508,0.036007846,0.223841156,0.420464285,1.163244606,0.15816141,0.620167588,0.792959536,/cns/lu-d/home/srjoglekar/noss/distilled_tflite/model_67.tflite,3322,small,FALSE,1,FALSE,TRUE,13.73452759,1.915086372,6.682946667,5.212578125,45.8346,,,,,,,,,,,,,,,,,,,,,,,,,,,,,,,,,,,,,,,,,,,,,,,,,,,,,,,,,,,,,,,,,,,,,,,,,,,,,,,,,,,,,,,,,,,,,,,,,,,,,,,,,,,,,,,,,,,,,,,,,,,,
Model 68,0.6735,0.6765,0.7083,0.788,0.7589,0.6465,0.8485,0.399,0.466878202,-0.003685842,0.730138199,0.609211823,1.144207837,0.22661277,0.804459712,0.832653224,/cns/lu-d/home/srjoglekar/noss/distilled_tflite/model_68.tflite,3276,small,FALSE,1.25,FALSE,FALSE,69.05578232,5.390870968,9.172825688,13.01935065,51.37512,,,,,,,,,,,,,,,,,,,,,,,,,,,,,,,,,,,,,,,,,,,,,,,,,,,,,,,,,,,,,,,,,,,,,,,,,,,,,,,,,,,,,,,,,,,,,,,,,,,,,,,,,,,,,,,,,,,,,,,,,,,,
Model 69,0.66,0.6765,0.6833,0.7539,0.7599,0.6309,0.7879,0.3921,0.412198121,-0.003685842,0.62887879,0.47109399,1.148258214,0.163426899,0.559006905,0.804705627,/cns/lu-d/home/srjoglekar/noss/distilled_tflite/model_69.tflite,3308,small,FALSE,1.25,FALSE,TRUE,17.59635925,2.51319598,9.296574074,5.929538462,56.3042,,,,,,,,,,,,,,,,,,,,,,,,,,,,,,,,,,,,,,,,,,,,,,,,,,,,,,,,,,,,,,,,,,,,,,,,,,,,,,,,,,,,,,,,,,,,,,,,,,,,,,,,,,,,,,,,,,,,,,,,,,,,
Model 70,0.6787,0.6765,0.6417,0.735,0.7305,0.6285,0.8333,0.3948,0.487940159,-0.003685842,0.460383134,0.394541877,1.029177149,0.153705996,0.742893991,0.815641643,/cns/lu-d/home/srjoglekar/noss/distilled_tflite/model_70.tflite,3323,small,FALSE,1.5,FALSE,FALSE,84.98154068,11.92247619,10.56738947,10.9146413,52.787,,,,,,,,,,,,,,,,,,,,,,,,,,,,,,,,,,,,,,,,,,,,,,,,,,,,,,,,,,,,,,,,,,,,,,,,,,,,,,,,,,,,,,,,,,,,,,,,,,,,,,,,,,,,,,,,,,,,,,,,,,,,
Model 71,0.6575,0.6765,0.6,0.7547,0.7693,0.6088,0.7727,0.3888,0.40207218,-0.003685842,0.291482441,0.474334291,1.186331751,0.073913582,0.497441185,0.791339385,/cns/lu-d/home/srjoglekar/noss/distilled_tflite/model_71.tflite,3277,small,FALSE,1.5,FALSE,TRUE,21.6362915,3.958229249,9.950257426,7.555984962,52.0331,,,,,,,,,,,,,,,,,,,,,,,,,,,,,,,,,,,,,,,,,,,,,,,,,,,,,,,,,,,,,,,,,,,,,,,,,,,,,,,,,,,,,,,,,,,,,,,,,,,,,,,,,,,,,,,,,,,,,,,,,,,,
Model 72,0.6877,0.6765,0.6917,0.78,0.7765,0.6427,0.8485,0.4039,0.524393546,-0.003685842,0.662901951,0.576808812,1.215494461,0.21122134,0.804459712,0.852500068,/cns/lu-d/home/srjoglekar/noss/distilled_tflite/model_72.tflite,32202,small,FALSE,2,FALSE,FALSE,118.5247078,9.329018519,8.538152542,23.36392,66.6866,,,,,,,,,,,,,,,,,,,,,,,,,,,,,,,,,,,,,,,,,,,,,,,,,,,,,,,,,,,,,,,,,,,,,,,,,,,,,,,,,,,,,,,,,,,,,,,,,,,,,,,,,,,,,,,,,,,,,,,,,,,,
Model 73,0.6652,0.6961,0.5333,0.7428,0.555,0.6289,0.7879,0.3552,0.433260078,0.075701534,0.021322338,0.426134812,0.3183361,0.155326147,0.559006905,0.65524674,/cns/lu-d/home/srjoglekar/noss/distilled_tflite/model_73.tflite,3309,small,FALSE,2,FALSE,TRUE,30.12345886,4.503504505,13.35896,11.26708989,69.13436,,,,,,,,,,,,,,,,,,,,,,,,,,,,,,,,,,,,,,,,,,,,,,,,,,,,,,,,,,,,,,,,,,,,,,,,,,,,,,,,,,,,,,,,,,,,,,,,,,,,,,,,,,,,,,,,,,,,,,,,,,,,
Model 74,0.6748,0.6765,0.6833,0.7187,0.7254,0.6338,0.8182,0.3736,0.472143691,-0.003685842,0.62887879,0.328520742,1.00852023,0.175172991,0.681733308,0.729773665,/cns/lu-d/home/srjoglekar/noss/distilled_tflite/model_74.tflite,3324,small,TRUE,0.5,FALSE,FALSE,10.22273636,2.089453975,5.44173913,3.519503521,19.42873077,,,,,,,,,,,,,,,,,,,,,,,,,,,,,,,,,,,,,,,,,,,,,,,,,,,,,,,,,,,,,,,,,,,,,,,,,,,,,,,,,,,,,,,,,,,,,,,,,,,,,,,,,,,,,,,,,,,,,,,,,,,,
Model 75,0.581,0.6765,0.4917,0.6696,0.5421,0.6148,0.7576,0.1844,0.09221839,-0.003685842,-0.147173318,0.129647264,0.266086245,0.09821584,0.436280502,-0.03655754,/cns/lu-d/home/srjoglekar/noss/distilled_tflite/model_75.tflite,3233,small,TRUE,0.5,FALSE,TRUE,2.746627808,1.185640143,4.560771689,2.630026385,14.00768056,,,,,,,,,,,,,,,,,,,,,,,,,,,,,,,,,,,,,,,,,,,,,,,,,,,,,,,,,,,,,,,,,,,,,,,,,,,,,,,,,,,,,,,,,,,,,,,,,,,,,,,,,,,,,,,,,,,,,,,,,,,,
Model 76,0.5578,0.6667,0.6667,0.5898,0.3722,0.6104,0.6667,0.0058,-0.001750341,-0.043379531,0.561642543,-0.193572769,-0.422072696,0.080394184,0.068101292,-0.759954755,/cns/lu-d/home/srjoglekar/noss/distilled_tflite/model_76.tflite,3278,small,TRUE,0.75,FALSE,FALSE,11.92667389,2.792206704,4.955376238,4.668336449,13.25212987,,,,,,,,,,,,,,,,,,,,,,,,,,,,,,,,,,,,,,,,,,,,,,,,,,,,,,,,,,,,,,,,,,,,,,,,,,,,,,,,,,,,,,,,,,,,,,,,,,,,,,,,,,,,,,,,,,,,,,,,,,,,
Model 77,0.642,0.6765,0.6833,0.7063,0.7198,0.6194,0.803,0.3798,0.339291347,-0.003685842,0.62887879,0.278296076,0.985838122,0.116847571,0.620167588,0.754885998,/cns/lu-d/home/srjoglekar/noss/distilled_tflite/model_77.tflite,32186,tiny,FALSE,0.75,FALSE,TRUE,6.757034302,1.547463566,4.164520833,3.239847403,36.76872,,,,,,,,,,,,,,,,,,,,,,,,,,,,,,,,,,,,,,,,,,,,,,,,,,,,,,,,,,,,,,,,,,,,,,,,,,,,,,,,,,,,,,,,,,,,,,,,,,,,,,,,,,,,,,,,,,,,,,,,,,,,
Model 78,0.6909,0.6765,0.725,0.7434,0.7491,0.6234,0.8333,0.3733,0.53735475,-0.003685842,0.797779484,0.428565038,1.104514149,0.133049077,0.742893991,0.728558552,/cns/lu-d/home/srjoglekar/noss/distilled_tflite/model_78.tflite,3310,small,TRUE,1,FALSE,FALSE,13.83354568,1.462174487,4.985064677,5.557005556,19.02590566,,,,,,,,,,,,,,,,,,,,,,,,,,,,,,,,,,,,,,,,,,,,,,,,,,,,,,,,,,,,,,,,,,,,,,,,,,,,,,,,,,,,,,,,,,,,,,,,,,,,,,,,,,,,,,,,,,,,,,,,,,,,
Model 79,0.6369,0.6765,0.625,0.7111,0.7092,0.6306,0.7879,0.3646,0.318634428,-0.003685842,0.392741849,0.297737882,0.942904133,0.162211786,0.559006905,0.693320278,/cns/lu-d/home/srjoglekar/noss/distilled_tflite/model_79.tflite,3325,small,TRUE,1,FALSE,TRUE,3.734451294,2.267895692,4.990144279,4.454901786,17.30813793,,,,,,,,,,,,,,,,,,,,,,,,,,,,,,,,,,,,,,,,,,,,,,,,,,,,,,,,,,,,,,,,,,,,,,,,,,,,,,,,,,,,,,,,,,,,,,,,,,,,,,,,,,,,,,,,,,,,,,,,,,,,
Model 80,0.6915,0.6765,0.675,0.7543,0.7673,0.6503,0.803,0.4069,0.539784976,-0.003685842,0.595260667,0.47271414,1.178230998,0.2420042,0.620167588,0.864651197,/cns/lu-d/home/srjoglekar/noss/distilled_tflite/model_80.tflite,32203,small,TRUE,1.25,FALSE,FALSE,19.05571365,1.985992048,5.886341176,4.154165975,22.5852,,,,,,,,,,,,,,,,,,,,,,,,,,,,,,,,,,,,,,,,,,,,,,,,,,,,,,,,,,,,,,,,,,,,,,,,,,,,,,,,,,,,,,,,,,,,,,,,,,,,,,,,,,,,,,,,,,,,,,,,,,,,
Model 81,0.6774,0.6863,0.6917,0.7057,0.7476,0.6225,0.803,0.3744,0.48267467,0.036007846,0.662901951,0.27586585,1.098438584,0.129403738,0.620167588,0.733013966,/cns/lu-d/home/srjoglekar/noss/distilled_tflite/model_81.tflite,3279,small,TRUE,1.25,FALSE,TRUE,5.0962677,1.600157303,5.823180233,4.673224299,24.91604,,,,,,,,,,,,,,,,,,,,,,,,,,,,,,,,,,,,,,,,,,,,,,,,,,,,,,,,,,,,,,,,,,,,,,,,,,,,,,,,,,,,,,,,,,,,,,,,,,,,,,,,,,,,,,,,,,,,,,,,,,,,
Model 82,0.687,0.6765,0.6083,0.7331,0.7491,0.6407,0.803,0.4156,0.521558283,-0.003685842,0.325100564,0.386846162,1.104514149,0.203120587,0.620167588,0.899889471,/cns/lu-d/home/srjoglekar/noss/distilled_tflite/model_82.tflite,3311,small,TRUE,1.5,FALSE,FALSE,24.98147202,6.156398773,7.021412587,5.493401099,21.67626,,,,,,,,,,,,,,,,,,,,,,,,,,,,,,,,,,,,,,,,,,,,,,,,,,,,,,,,,,,,,,,,,,,,,,,,,,,,,,,,,,,,,,,,,,,,,,,,,,,,,,,,,,,,,,,,,,,,,,,,,,,,
Model 83,0.6632,0.6863,0.7,0.7457,0.6961,0.6166,0.803,0.3738,0.425159326,0.036007846,0.696520075,0.437880904,0.889844203,0.105506518,0.620167588,0.73058374,/cns/lu-d/home/srjoglekar/noss/distilled_tflite/model_83.tflite,3326,small,TRUE,1.5,FALSE,TRUE,6.636199951,3.03781459,7.041626761,5.627747191,26.53018,,,,,,,,,,,,,,,,,,,,,,,,,,,,,,,,,,,,,,,,,,,,,,,,,,,,,,,,,,,,,,,,,,,,,,,,,,,,,,,,,,,,,,,,,,,,,,,,,,,,,,,,,,,,,,,,,,,,,,,,,,,,
Model 84,0.7089,0.6765,0.675,0.7693,0.7973,0.6573,0.8636,0.4454,0.610261525,-0.003685842,0.595260667,0.533469785,1.299742289,0.270356835,0.865620394,1.020590687,/cns/lu-d/home/srjoglekar/noss/distilled_tflite/model_84.tflite,3280,small,TRUE,2,FALSE,FALSE,38.52463913,9.473518868,9.80722549,8.544615385,30.43528,,,,,,,,,,,,,,,,,,,,,,,,,,,,,,,,,,,,,,,,,,,,,,,,,,,,,,,,,,,,,,,,,,,,,,,,,,,,,,,,,,,,,,,,,,,,,,,,,,,,,,,,,,,,,,,,,,,,,,,,,,,,
Model 85,0.6433,0.6863,0.6667,0.7418,0.6744,0.6261,0.7879,0.3189,0.344556836,0.036007846,0.561642543,0.422084436,0.801951036,0.143985093,0.559006905,0.508218079,/cns/lu-d/home/srjoglekar/noss/distilled_tflite/model_85.tflite,3312,small,TRUE,2,FALSE,TRUE,10.12336731,3.046018293,9.957306931,10.40908333,30.7879,,,,,,,,,,,,,,,,,,,,,,,,,,,,,,,,,,,,,,,,,,,,,,,,,,,,,,,,,,,,,,,,,,,,,,,,,,,,,,,,,,,,,,,,,,,,,,,,,,,,,,,,,,,,,,,,,,,,,,,,,,,,
Model 86,0.6703,0.6863,0.7167,0.7919,0.7585,0.6274,0.7121,0.3814,0.453916998,0.036007846,0.76416136,0.625008291,1.142587687,0.149250582,0.251988378,0.7613666,/cns/lu-d/home/srjoglekar/noss/distilled_tflite/model_86.tflite,3327,large,FALSE,0.5,FALSE,FALSE,65.42389679,5.107382653,8.406731092,11.853,47.8124,,,,,,,,,,,,,,,,,,,,,,,,,,,,,,,,,,,,,,,,,,,,,,,,,,,,,,,,,,,,,,,,,,,,,,,,,,,,,,,,,,,,,,,,,,,,,,,,,,,,,,,,,,,,,,,,,,,,,,,,,,,,
Model 87,0.6967,0.6863,0.5083,0.7523,0.6184,0.627,0.6818,0.4088,0.560846933,0.036007846,-0.07993707,0.464613388,0.575129961,0.147630432,0.129261975,0.872346912,/cns/lu-d/home/srjoglekar/noss/distilled_tflite/model_87.tflite,3281,tiny,FALSE,1,FALSE,FALSE,27.46472549,4.012795181,4.269598291,3.880490272,31.75432,,,,,,,,,,,,,,,,,,,,,,,,,,,,,,,,,,,,,,,,,,,,,,,,,,,,,,,,,,,,,,,,,,,,,,,,,,,,,,,,,,,,,,,,,,,,,,,,,,,,,,,,,,,,,,,,,,,,,,,,,,,,
Model 88,0.6819,0.6863,0.6083,0.7778,0.7738,0.6431,0.8485,0.4001,0.500901363,0.036007846,0.325100564,0.567897984,1.204558445,0.212841491,0.804459712,0.837108638,/cns/lu-d/home/srjoglekar/noss/distilled_tflite/model_88.tflite,3313,large,FALSE,0.5,FALSE,TRUE,16.65237427,3.103409938,8.102225806,5.310781915,46.97354,,,,,,,,,,,,,,,,,,,,,,,,,,,,,,,,,,,,,,,,,,,,,,,,,,,,,,,,,,,,,,,,,,,,,,,,,,,,,,,,,,,,,,,,,,,,,,,,,,,,,,,,,,,,,,,,,,,,,,,,,,,,
Model 89,0.6889,0.6863,0.675,0.7832,0.7959,0.6373,0.803,0.4265,0.529253998,0.036007846,0.595260667,0.589770017,1.294071762,0.189349308,0.620167588,0.944038574,/cns/lu-d/home/srjoglekar/noss/distilled_tflite/model_89.tflite,3234,large,FALSE,0.75,FALSE,FALSE,70.38487625,5.836918605,9.424962617,10.33234021,55.33212,,,,,,,,,,,,,,,,,,,,,,,,,,,,,,,,,,,,,,,,,,,,,,,,,,,,,,,,,,,,,,,,,,,,,,,,,,,,,,,,,,,,,,,,,,,,,,,,,,,,,,,,,,,,,,,,,,,,,,,,,,,,
Model 90,0.687,0.6765,0.7083,0.7713,0.7753,0.6338,0.8182,0.4213,0.521558283,-0.003685842,0.730138199,0.541570538,1.210634009,0.175172991,0.681733308,0.922976617,/cns/lu-d/home/srjoglekar/noss/distilled_tflite/model_90.tflite,3328,large,FALSE,0.75,FALSE,TRUE,17.98356628,3.32734,9.399046729,9.613807692,55.44714,,,,,,,,,,,,,,,,,,,,,,,,,,,,,,,,,,,,,,,,,,,,,,,,,,,,,,,,,,,,,,,,,,,,,,,,,,,,,,,,,,,,,,,,,,,,,,,,,,,,,,,,,,,,,,,,,,,,,,,,,,,,
Model 91,0.6915,0.6765,0.6833,0.7924,0.7513,0.6478,0.7879,0.4078,0.539784976,-0.003685842,0.62887879,0.627033479,1.113424977,0.23187826,0.559006905,0.868296536,/cns/lu-d/home/srjoglekar/noss/distilled_tflite/model_91.tflite,3282,large,FALSE,1,FALSE,FALSE,76.05693817,12.44544444,10.17572727,18.54088889,49.76756,,,,,,,,,,,,,,,,,,,,,,,,,,,,,,,,,,,,,,,,,,,,,,,,,,,,,,,,,,,,,,,,,,,,,,,,,,,,,,,,,,,,,,,,,,,,,,,,,,,,,,,,,,,,,,,,,,,,,,,,,,,,
Model 92,0.6729,0.6667,0.6833,0.7699,0.783,0.6384,0.803,0.443,0.464447976,-0.043379531,0.62887879,0.535900011,1.241821907,0.193804722,0.620167588,1.010869783,/cns/lu-d/home/srjoglekar/noss/distilled_tflite/model_92.tflite,32187,large,FALSE,1,FALSE,TRUE,19.48475647,3.893182879,10.07114,9.952742574,50.59476,,,,,,,,,,,,,,,,,,,,,,,,,,,,,,,,,,,,,,,,,,,,,,,,,,,,,,,,,,,,,,,,,,,,,,,,,,,,,,,,,,,,,,,,,,,,,,,,,,,,,,,,,,,,,,,,,,,,,,,,,,,,
Model 93,0.6992,0.6765,0.675,0.8002,0.8067,0.6539,0.803,0.4498,0.570972874,-0.003685842,0.595260667,0.658626414,1.337815827,0.256585555,0.620167588,1.038412342,/cns/lu-d/home/srjoglekar/noss/distilled_tflite/model_93.tflite,32204,large,FALSE,1.25,FALSE,FALSE,100.4003067,9.092990909,12.5278125,16.88001667,48.68896,,,,,,,,,,,,,,,,,,,,,,,,,,,,,,,,,,,,,,,,,,,,,,,,,,,,,,,,,,,,,,,,,,,,,,,,,,,,,,,,,,,,,,,,,,,,,,,,,,,,,,,,,,,,,,,,,,,,,,,,,,,,
Model 94,0.4685,0.6765,0.45,0.5282,0.1589,0.5449,0.3182,0.0052,-0.363448949,-0.003685842,-0.316074011,-0.443075952,-1.28601797,-0.184905466,-1.343454864,-0.762384981,/cns/lu-d/home/srjoglekar/noss/distilled_tflite/model_94.tflite,3314,large,FALSE,1.25,FALSE,TRUE,25.67965698,6.8,12.3,16.2748871,45.80288,,,,,,,,,,,,,,,,,,,,,,,,,,,,,,,,,,,,,,,,,,,,,,,,,,,,,,,,,,,,,,,,,,,,,,,,,,,,,,,,,,,,,,,,,,,,,,,,,,,,,,,,,,,,,,,,,,,,,,,,,,,,
Model 95,0.6999,0.6765,0.6667,0.7976,0.8104,0.6526,0.8485,0.4289,0.573808138,-0.003685842,0.561642543,0.648095436,1.352802219,0.251320066,0.804459712,0.953759477,/cns/lu-d/home/srjoglekar/noss/distilled_tflite/model_95.tflite,3329,large,FALSE,1.5,FALSE,FALSE,125.8866386,20.48774,14.18864789,21.75596,49.69224,,,,,,,,,,,,,,,,,,,,,,,,,,,,,,,,,,,,,,,,,,,,,,,,,,,,,,,,,,,,,,,,,,,,,,,,,,,,,,,,,,,,,,,,,,,,,,,,,,,,,,,,,,,,,,,,,,,,,,,,,,,,
Model 96,0.6247,0.6765,0.5,0.7085,0.6362,0.6102,0.7273,0.2816,0.269219836,-0.003685842,-0.113555194,0.287206904,0.64722666,0.079584109,0.313554099,0.357139041,/cns/lu-d/home/srjoglekar/noss/distilled_tflite/model_96.tflite,3283,large,FALSE,1.5,FALSE,TRUE,32.14964294,8.61462069,14.49150725,21.12538,50.55298,,,,,,,,,,,,,,,,,,,,,,,,,,,,,,,,,,,,,,,,,,,,,,,,,,,,,,,,,,,,,,,,,,,,,,,,,,,,,,,,,,,,,,,,,,,,,,,,,,,,,,,,,,,,,,,,,,,,,,,,,,,,
Model 97,0.2847,0.6765,0.275,0.538,0.1145,0.5055,0.3485,0.0015,-1.107908121,-0.003685842,-1.024889872,-0.403382263,-1.46585468,-0.344490294,-1.220728461,-0.777371373,/cns/lu-d/home/srjoglekar/noss/distilled_tflite/model_97.tflite,3315,tiny,FALSE,1,FALSE,TRUE,7.066238403,1.213218978,4.350708696,3.72055597,34.50468,,,,,,,,,,,,,,,,,,,,,,,,,,,,,,,,,,,,,,,,,,,,,,,,,,,,,,,,,,,,,,,,,,,,,,,,,,,,,,,,,,,,,,,,,,,,,,,,,,,,,,,,,,,,,,,,,,,,,,,,,,,,
Model 98,0.4396,0.6765,0.525,0.5456,0.3207,0.5308,0.6212,0.003,-0.480504825,-0.003685842,-0.012295785,-0.372599403,-0.630667077,-0.242015773,-0.116190832,-0.771295809,/cns/lu-d/home/srjoglekar/noss/distilled_tflite/model_98.tflite,3330,large,FALSE,2,FALSE,TRUE,46.6631012,9.910267327,21.5294,31.48996,81.41296,,,,,,,,,,,,,,,,,,,,,,,,,,,,,,,,,,,,,,,,,,,,,,,,,,,,,,,,,,,,,,,,,,,,,,,,,,,,,,,,,,,,,,,,,,,,,,,,,,,,,,,,,,,,,,,,,,,,,,,,,,,,
Model 99,0.5546,0.6765,0.3667,0.5499,0.282,0.5816,0.5909,0.001,-0.014711546,-0.003685842,-0.653470361,-0.355182785,-0.787416642,-0.036256655,-0.238917235,-0.779396561,/cns/lu-d/home/srjoglekar/noss/distilled_tflite/model_99.tflite,3284,large,TRUE,0.5,FALSE,FALSE,15.42382813,1.771746004,5.262068421,6.595039474,17.86416071,,,,,,,,,,,,,,,,,,,,,,,,,,,,,,,,,,,,,,,,,,,,,,,,,,,,,,,,,,,,,,,,,,,,,,,,,,,,,,,,,,,,,,,,,,,,,,,,,,,,,,,,,,,,,,,,,,,,,,,,,,,,
Model 100,0.6722,0.6765,0.7083,0.7317,0.7155,0.6361,0.7576,0.4,0.461612713,-0.003685842,0.730138199,0.381175635,0.968421504,0.184488856,0.436280502,0.8367036,/cns/lu-d/home/srjoglekar/noss/distilled_tflite/model_100.tflite,3316,large,TRUE,0.5,FALSE,TRUE,4.152297974,1.425831187,5.176041451,5.447032609,17.85610526,,,,,,,,,,,,,,,,,,,,,,,,,,,,,,,,,,,,,,,,,,,,,,,,,,,,,,,,,,,,,,,,,,,,,,,,,,,,,,,,,,,,,,,,,,,,,,,,,,,,,,,,,,,,,,,,,,,,,,,,,,,,
Model 101,0.5161,0.6373,0.45,0.5771,0.2859,0.5449,0.4242,0.001,-0.170651035,-0.162460595,-0.316074011,-0.245012548,-0.771620174,-0.184905466,-0.914114972,-0.779396561,/cns/lu-d/home/srjoglekar/noss/distilled_tflite/model_101.tflite,3331,large,TRUE,0.75,FALSE,FALSE,20.38556671,5.923710059,5.992712575,10.06823,22.93838,,,,,,,,,,,,,,,,,,,,,,,,,,,,,,,,,,,,,,,,,,,,,,,,,,,,,,,,,,,,,,,,,,,,,,,,,,,,,,,,,,,,,,,,,,,,,,,,,,,,,,,,,,,,,,,,,,,,,,,,,,,,
Model 102,0.6485,0.6667,0.575,0.7406,0.7417,0.6339,0.8182,0.3958,0.365618793,-0.043379531,0.190223032,0.417223984,1.074541364,0.175578028,0.681733308,0.81969202,/cns/lu-d/home/srjoglekar/noss/distilled_tflite/model_102.tflite,3235,large,TRUE,0.75,FALSE,TRUE,5.484176636,3.568442857,5.742781609,6.718912752,22.31512,,,,,,,,,,,,,,,,,,,,,,,,,,,,,,,,,,,,,,,,,,,,,,,,,,,,,,,,,,,,,,,,,,,,,,,,,,,,,,,,,,,,,,,,,,,,,,,,,,,,,,,,,,,,,,,,,,,,,,,,,,,,
Model 103,0.7114,0.6765,0.675,0.7607,0.7867,0.6612,0.8636,0.437,0.620387465,-0.003685842,0.595260667,0.498636549,1.2568083,0.286153303,0.865620394,0.986567525,/cns/lu-d/home/srjoglekar/noss/distilled_tflite/model_103.tflite,3285,large,TRUE,1,FALSE,FALSE,26.05763245,3.262179739,6.506980519,7.335481752,18.35267273,,,,,,,,,,,,,,,,,,,,,,,,,,,,,,,,,,,,,,,,,,,,,,,,,,,,,,,,,,,,,,,,,,,,,,,,,,,,,,,,,,,,,,,,,,,,,,,,,,,,,,,,,,,,,,,,,,,,,,,,,,,,
Model 104,0.6748,0.6765,0.7083,0.7417,0.7589,0.6481,0.8333,0.4228,0.472143691,-0.003685842,0.730138199,0.421679398,1.144207837,0.233093372,0.742893991,0.929052181,/cns/lu-d/home/srjoglekar/noss/distilled_tflite/model_104.tflite,3317,large,TRUE,1,FALSE,TRUE,6.98538208,4.323443966,7.363889706,8.373716667,22.7997,,,,,,,,,,,,,,,,,,,,,,,,,,,,,,,,,,,,,,,,,,,,,,,,,,,,,,,,,,,,,,,,,,,,,,,,,,,,,,,,,,,,,,,,,,,,,,,,,,,,,,,,,,,,,,,,,,,,,,,,,,,,
Model 105,0.6812,0.6765,0.7667,0.7697,0.7235,0.6255,0.7727,0.3633,0.4980661,-0.003685842,0.966680177,0.535089936,1.000824515,0.141554867,0.497441185,0.688054789,/cns/lu-d/home/srjoglekar/noss/distilled_tflite/model_105.tflite,3332,large,TRUE,1.25,FALSE,FALSE,37.90098572,4.838879227,9.137272727,11.08007692,26.4453,,,,,,,,,,,,,,,,,,,,,,,,,,,,,,,,,,,,,,,,,,,,,,,,,,,,,,,,,,,,,,,,,,,,,,,,,,,,,,,,,,,,,,,,,,,,,,,,,,,,,,,,,,,,,,,,,,,,,,,,,,,,
Model 106,0.2024,0.6765,0.225,0.5427,0.0928,0.5062,0.2879,0.0009,-1.441254094,-0.003685842,-1.227408689,-0.384345495,-1.553747847,-0.341655031,-1.466181268,-0.779801599,/cns/lu-d/home/srjoglekar/noss/distilled_tflite/model_106.tflite,32188,large,TRUE,1.25,FALSE,TRUE,10.05526733,5.878005882,7.97302381,12.26729268,25.85716,,,,,,,,,,,,,,,,,,,,,,,,,,,,,,,,,,,,,,,,,,,,,,,,,,,,,,,,,,,,,,,,,,,,,,,,,,,,,,,,,,,,,,,,,,,,,,,,,,,,,,,,,,,,,,,,,,,,,,,,,,,,
Model 107,0.714,0.6765,0.6667,0.7839,0.7916,0.6645,0.8485,0.4709,0.630918444,-0.003685842,0.561642543,0.59260528,1.276655144,0.299519545,0.804459712,1.123875283,/cns/lu-d/home/srjoglekar/noss/distilled_tflite/model_107.tflite,3286,large,TRUE,1.5,FALSE,FALSE,50.88731766,14.67742029,11.51136782,25.62662,32.88328,,,,,,,,,,,,,,,,,,,,,,,,,,,,,,,,,,,,,,,,,,,,,,,,,,,,,,,,,,,,,,,,,,,,,,,,,,,,,,,,,,,,,,,,,,,,,,,,,,,,,,,,,,,,,,,,,,,,,,,,,,,,
Model 108,0.6934,0.6863,0.65,0.7755,0.7902,0.6478,0.8333,0.4394,0.547480691,0.036007846,0.494001258,0.558582119,1.270984617,0.23187826,0.742893991,0.996288428,/cns/lu-d/home/srjoglekar/noss/distilled_tflite/model_108.tflite,3318,tiny,FALSE,1.25,FALSE,FALSE,35.35094452,2.97377381,5.809593023,7.569712121,35.82174,,,,,,,,,,,,,,,,,,,,,,,,,,,,,,,,,,,,,,,,,,,,,,,,,,,,,,,,,,,,,,,,,,,,,,,,,,,,,,,,,,,,,,,,,,,,,,,,,,,,,,,,,,,,,,,,,,,,,,,,,,,,
Model 109,0.6851,0.6765,0.625,0.7709,0.7759,0.6478,0.8485,0.4547,0.513862568,-0.003685842,0.392741849,0.539950388,1.213064235,0.23187826,0.804459712,1.058259187,/cns/lu-d/home/srjoglekar/noss/distilled_tflite/model_109.tflite,3333,large,TRUE,1.5,FALSE,TRUE,13.4002533,5.01632,11.45635227,19.26211538,30.95588,,,,,,,,,,,,,,,,,,,,,,,,,,,,,,,,,,,,,,,,,,,,,,,,,,,,,,,,,,,,,,,,,,,,,,,,,,,,,,,,,,,,,,,,,,,,,,,,,,,,,,,,,,,,,,,,,,,,,,,,,,,,
Model 110,0.5649,0.6667,0.5583,0.5777,0.3796,0.5628,0.6212,0.0009,0.027007331,-0.043379531,0.122581747,-0.242582322,-0.392099911,-0.11240373,-0.116190832,-0.779801599,/cns/lu-d/home/srjoglekar/noss/distilled_tflite/model_110.tflite,3340,large,TRUE,2,FALSE,FALSE,83.14914322,10.05321,16.65167213,24.28542,35.57702,,,,,,,,,,,,,,,,,,,,,,,,,,,,,,,,,,,,,,,,,,,,,,,,,,,,,,,,,,,,,,,,,,,,,,,,,,,,,,,,,,,,,,,,,,,,,,,,,,,,,,,,,,,,,,,,,,,,,,,,,,,,
Model 111,0.6857,0.6765,0.6417,0.7669,0.7824,0.6717,0.803,0.4577,0.516292793,-0.003685842,0.460383134,0.523748882,1.239391681,0.328682254,0.620167588,1.070410316,/cns/lu-d/home/srjoglekar/noss/distilled_tflite/model_111.tflite,32205,large,TRUE,2,FALSE,TRUE,21.66372681,7.968960317,16.94230508,28.72544,38.91198,,,,,,,,,,,,,,,,,,,,,,,,,,,,,,,,,,,,,,,,,,,,,,,,,,,,,,,,,,,,,,,,,,,,,,,,,,,,,,,,,,,,,,,,,,,,,,,,,,,,,,,,,,,,,,,,,,,,,,,,,,,,
Model 112,0.6317,0.6765,0.5833,0.622,0.5634,0.6171,0.7424,0.2619,0.297572471,-0.003685842,0.223841156,-0.06315065,0.352359262,0.107531706,0.374714781,0.277346627,/cns/lu-d/home/srjoglekar/noss/distilled_tflite/model_112.tflite,3236,tiny,FALSE,0.5,TRUE,FALSE,3.294036865,1.03830385,3.708837037,0.992991992,8.009,,,,,,,,,,,,,,,,,,,,,,,,,,,,,,,,,,,,,,,,,,,,,,,,,,,,,,,,,,,,,,,,,,,,,,,,,,,,,,,,,,,,,,,,,,,,,,,,,,,,,,,,,,,,,,,,,,,,,,,,,,,,
Model 113,0.4293,0.6863,0.4333,0.5285,0.2411,0.2411,0.4545,0.0007,-0.522223702,0.036007846,-0.383715296,-0.441860839,-0.953077035,-1.4154098,-0.791388569,-0.780611674,/cns/lu-d/home/srjoglekar/noss/distilled_tflite/model_113.tflite,3350,tiny,FALSE,0.5,TRUE,TRUE,0.961837769,0.801449799,3.732462687,1.253276515,12.33725926,,,,,,,,,,,,,,,,,,,,,,,,,,,,,,,,,,,,,,,,,,,,,,,,,,,,,,,,,,,,,,,,,,,,,,,,,,,,,,,,,,,,,,,,,,,,,,,,,,,,,,,,,,,,,,,,,,,,,,,,,,,,
Model 114,0.5495,0.6765,0.4417,0.556,-1,0.6007,0.6212,0.0007,-0.035368465,-0.003685842,-0.349692135,-0.330475489,-1.929622771,0.041105534,-0.116190832,-0.780611674,/cns/lu-d/home/srjoglekar/noss/distilled_tflite/model_114.tflite,3334,tiny,FALSE,0.75,TRUE,FALSE,4.312580109,0.633926845,3.82851341,1.437283237,9.77184466,,,,,,,,,,,,,,,,,,,,,,,,,,,,,,,,,,,,,,,,,,,,,,,,,,,,,,,,,,,,,,,,,,,,,,,,,,,,,,,,,,,,,,,,,,,,,,,,,,,,,,,,,,,,,,,,,,,,,,,,,,,,
Model 115,0.4332,0.6863,0.4,0.5285,0.199,0.5449,0.4545,0.0007,-0.506427234,0.036007846,-0.518592829,-0.441860839,-1.123597879,-0.184905466,-0.791388569,-0.780611674,/cns/lu-d/home/srjoglekar/noss/distilled_tflite/model_115.tflite,3341,tiny,FALSE,0.75,TRUE,TRUE,1.244598389,1.072324382,3.921435294,2.963315476,10.25767347,,,,,,,,,,,,,,,,,,,,,,,,,,,,,,,,,,,,,,,,,,,,,,,,,,,,,,,,,,,,,,,,,,,,,,,,,,,,,,,,,,,,,,,,,,,,,,,,,,,,,,,,,,,,,,,,,,,,,,,,,,,,
Model 116,0.6163,0.6765,0.4833,0.6385,0.5356,0.5936,0.7727,0.282,0.235196675,-0.003685842,-0.181196479,0.003680559,0.239758799,0.012347862,0.497441185,0.358759192,/cns/lu-d/home/srjoglekar/noss/distilled_tflite/model_116.tflite,3351,tiny,FALSE,1,TRUE,FALSE,5.440525055,1.786017889,3.865949807,1.751836268,10.30157732,,,,,,,,,,,,,,,,,,,,,,,,,,,,,,,,,,,,,,,,,,,,,,,,,,,,,,,,,,,,,,,,,,,,,,,,,,,,,,,,,,,,,,,,,,,,,,,,,,,,,,,,,,,,,,,,,,,,,,,,,,,,
Model 117,0.4357,0.6863,0.4667,0.5285,0.2378,0.5449,0.4848,0.0007,-0.496301293,0.036007846,-0.248432726,-0.441860839,-0.966443277,-0.184905466,-0.668662165,-0.780611674,/cns/lu-d/home/srjoglekar/noss/distilled_tflite/model_117.tflite,3335,tiny,FALSE,1,TRUE,TRUE,1.552978516,0.686850448,3.854653846,2.301401848,11.21437079,,,,,,,,,,,,,,,,,,,,,,,,,,,,,,,,,,,,,,,,,,,,,,,,,,,,,,,,,,,,,,,,,,,,,,,,,,,,,,,,,,,,,,,,,,,,,,,,,,,,,,,,,,,,,,,,,,,,,,,,,,,,
Model 118,0.6279,0.6765,0.625,0.6564,0.5192,0.613,0.7576,0.309,0.282181041,-0.003685842,0.392741849,0.076182296,0.173332627,0.090925163,0.436280502,0.468119353,/cns/lu-d/home/srjoglekar/noss/distilled_tflite/model_118.tflite,32189,tiny,FALSE,1.25,TRUE,FALSE,7.619029999,2.490052369,4.442035556,4.635625,11.71053488,,,,,,,,,,,,,,,,,,,,,,,,,,,,,,,,,,,,,,,,,,,,,,,,,,,,,,,,,,,,,,,,,,,,,,,,,,,,,,,,,,,,,,,,,,,,,,,,,,,,,,,,,,,,,,,,,,,,,,,,,,,,
Model 119,0.5,0.6765,0.3417,0.5592,0.2507,0.5429,0.3636,0.0225,-0.235862094,-0.003685842,-0.754729769,-0.317514285,-0.914193422,-0.193006219,-1.159567778,-0.69231347,/cns/lu-d/home/srjoglekar/noss/distilled_tflite/model_119.tflite,3342,tiny,FALSE,1.25,FALSE,TRUE,9.077316284,1.621492683,5.532635359,4.786851675,39.92822,,,,,,,,,,,,,,,,,,,,,,,,,,,,,,,,,,,,,,,,,,,,,,,,,,,,,,,,,,,,,,,,,,,,,,,,,,,,,,,,,,,,,,,,,,,,,,,,,,,,,,,,,,,,,,,,,,,,,,,,,,,,
Model 120,0.401,0.6765,0.3667,0.5324,0.1779,0.5449,0.3939,0.0007,-0.636849352,-0.003685842,-0.653470361,-0.426064371,-1.20906082,-0.184905466,-1.036841375,-0.780611674,/cns/lu-d/home/srjoglekar/noss/distilled_tflite/model_120.tflite,32206,tiny,FALSE,1.25,TRUE,TRUE,2.133560181,1.584861905,4.427168142,4.471421525,9.696134615,,,,,,,,,,,,,,,,,,,,,,,,,,,,,,,,,,,,,,,,,,,,,,,,,,,,,,,,,,,,,,,,,,,,,,,,,,,,,,,,,,,,,,,,,,,,,,,,,,,,,,,,,,,,,,,,,,,,,,,,,,,,
Model 121,0.6163,0.6765,0.525,0.6594,0.5376,0.6181,0.7879,0.2945,0.235196675,-0.003685842,-0.012295785,0.088333425,0.247859552,0.111582082,0.559006905,0.409388896,/cns/lu-d/home/srjoglekar/noss/distilled_tflite/model_121.tflite,3352,tiny,FALSE,1.5,TRUE,FALSE,10.29571152,1.513132018,5.845900585,3.307493377,10.67554255,,,,,,,,,,,,,,,,,,,,,,,,,,,,,,,,,,,,,,,,,,,,,,,,,,,,,,,,,,,,,,,,,,,,,,,,,,,,,,,,,,,,,,,,,,,,,,,,,,,,,,,,,,,,,,,,,,,,,,,,,,,,
Model 122,0.4312,0.6863,0.4167,0.5307,0.2346,0.5449,0.5,0.0007,-0.514527987,0.036007846,-0.450951544,-0.432950011,-0.979404481,-0.184905466,-0.607096445,-0.780611674,/cns/lu-d/home/srjoglekar/noss/distilled_tflite/model_122.tflite,3336,tiny,FALSE,1.5,TRUE,TRUE,2.841766357,1.297772432,5.877452941,5.52880663,14.53023188,,,,,,,,,,,,,,,,,,,,,,,,,,,,,,,,,,,,,,,,,,,,,,,,,,,,,,,,,,,,,,,,,,,,,,,,,,,,,,,,,,,,,,,,,,,,,,,,,,,,,,,,,,,,,,,,,,,,,,,,,,,,
Model 123,0.5945,0.6765,0.55,0.6031,0.537,0.613,0.7121,0.2844,0.146898471,-0.003685842,0.088963623,-0.139702763,0.245429326,0.090925163,0.251988378,0.368480095,/cns/lu-d/home/srjoglekar/noss/distilled_tflite/model_123.tflite,3343,tiny,FALSE,2,TRUE,FALSE,16.41201401,2.225376392,7.035328671,5.055217172,21.43554,,,,,,,,,,,,,,,,,,,,,,,,,,,,,,,,,,,,,,,,,,,,,,,,,,,,,,,,,,,,,,,,,,,,,,,,,,,,,,,,,,,,,,,,,,,,,,,,,,,,,,,,,,,,,,,,,,,,,,,,,,,,
Model 124,0.4344,0.6765,0.4,0.5344,0.2239,0.5449,0.5,0.0007,-0.501566782,-0.003685842,-0.518592829,-0.417963618,-1.022743508,-0.184905466,-0.607096445,-0.780611674,/cns/lu-d/home/srjoglekar/noss/distilled_tflite/model_124.tflite,3353,tiny,FALSE,2,TRUE,TRUE,4.43409729,1.937116505,6.849684932,6.011646707,18.79755556,,,,,,,,,,,,,,,,,,,,,,,,,,,,,,,,,,,,,,,,,,,,,,,,,,,,,,,,,,,,,,,,,,,,,,,,,,,,,,,,,,,,,,,,,,,,,,,,,,,,,,,,,,,,,,,,,,,,,,,,,,,,
Model 125,0.608,0.6765,0.5917,0.6799,0.5775,0.616,0.7879,0.2915,0.201578551,-0.003685842,0.257864317,0.17136614,0.409469568,0.103076292,0.559006905,0.397237767,/cns/lu-d/home/srjoglekar/noss/distilled_tflite/model_125.tflite,3337,tiny,TRUE,0.5,TRUE,FALSE,2.317394257,0.366119838,3.646576642,0.900995455,7.377757353,,,,,,,,,,,,,,,,,,,,,,,,,,,,,,,,,,,,,,,,,,,,,,,,,,,,,,,,,,,,,,,,,,,,,,,,,,,,,,,,,,,,,,,,,,,,,,,,,,,,,,,,,,,,,,,,,,,,,,,,,,,,
Model 126,0.4242,0.6863,0.3917,0.5285,0.1969,0.5449,0.5758,0.0007,-0.542880621,0.036007846,-0.552210952,-0.441860839,-1.132103669,-0.184905466,-0.300077918,-0.780611674,/cns/lu-d/home/srjoglekar/noss/distilled_tflite/model_126.tflite,3237,tiny,TRUE,0.5,TRUE,TRUE,0.717605591,0.836621123,4.091983673,1.229510533,7.7258,,,,,,,,,,,,,,,,,,,,,,,,,,,,,,,,,,,,,,,,,,,,,,,,,,,,,,,,,,,,,,,,,,,,,,,,,,,,,,,,,,,,,,,,,,,,,,,,,,,,,,,,,,,,,,,,,,,,,,,,,,,,
Model 127,0.5945,0.6863,0.5833,0.6191,0.5503,0.5938,0.7576,0.2877,0.146898471,0.036007846,0.223841156,-0.074896742,0.299299331,0.013157937,0.436280502,0.381846337,/cns/lu-d/home/srjoglekar/noss/distilled_tflite/model_127.tflite,3344,tiny,TRUE,0.75,TRUE,FALSE,3.3359375,1.410485876,3.572710714,1.358254098,7.277707143,,,,,,,,,,,,,,,,,,,,,,,,,,,,,,,,,,,,,,,,,,,,,,,,,,,,,,,,,,,,,,,,,,,,,,,,,,,,,,,,,,,,,,,,,,,,,,,,,,,,,,,,,,,,,,,,,,,,,,,,,,,,
Model 128,0.4171,0.6373,0.3667,0.5285,0.2082,0.5449,0.5455,0.0007,-0.571638293,-0.162460595,-0.653470361,-0.441860839,-1.086334416,-0.184905466,-0.422804321,-0.780611674,/cns/lu-d/home/srjoglekar/noss/distilled_tflite/model_128.tflite,3354,tiny,TRUE,0.75,TRUE,TRUE,1.000366211,0.562469791,3.607768953,1.980723108,7.77324031,,,,,,,,,,,,,,,,,,,,,,,,,,,,,,,,,,,,,,,,,,,,,,,,,,,,,,,,,,,,,,,,,,,,,,,,,,,,,,,,,,,,,,,,,,,,,,,,,,,,,,,,,,,,,,,,,,,,,,,,,,,,
Model 129,0.6382,0.6863,0.6167,0.6279,0.5327,0.6037,0.7727,0.2976,0.323899917,0.036007846,0.359123726,-0.03925343,0.228012708,0.053256663,0.497441185,0.421945063,/cns/lu-d/home/srjoglekar/noss/distilled_tflite/model_129.tflite,3338,tiny,TRUE,1,TRUE,FALSE,4.463882446,1.727889273,3.686177122,1.658366057,7.126680851,,,,,,,,,,,,,,,,,,,,,,,,,,,,,,,,,,,,,,,,,,,,,,,,,,,,,,,,,,,,,,,,,,,,,,,,,,,,,,,,,,,,,,,,,,,,,,,,,,,,,,,,,,,,,,,,,,,,,,,,,,,,
Model 130,0.6928,0.6765,0.7167,0.7499,0.7679,0.633,0.8485,0.4219,0.545050465,-0.003685842,0.76416136,0.454892484,1.180661224,0.17193269,0.804459712,0.925406842,/cns/lu-d/home/srjoglekar/noss/distilled_tflite/model_130.tflite,3345,tiny,FALSE,1.5,FALSE,FALSE,43.73435593,6.778364865,6.84330137,9.889633663,31.7278,,,,,,,,,,,,,,,,,,,,,,,,,,,,,,,,,,,,,,,,,,,,,,,,,,,,,,,,,,,,,,,,,,,,,,,,,,,,,,,,,,,,,,,,,,,,,,,,,,,,,,,,,,,,,,,,,,,,,,,,,,,,
Model 131,0.4351,0.6667,0.3833,0.5346,0.2282,0.5449,0.4848,0.0007,-0.498731519,-0.043379531,-0.586234114,-0.417153543,-1.005326889,-0.184905466,-0.668662165,-0.780611674,/cns/lu-d/home/srjoglekar/noss/distilled_tflite/model_131.tflite,3355,tiny,TRUE,1,TRUE,TRUE,1.308746338,0.780830854,4.247648305,2.348448113,8.966205357,,,,,,,,,,,,,,,,,,,,,,,,,,,,,,,,,,,,,,,,,,,,,,,,,,,,,,,,,,,,,,,,,,,,,,,,,,,,,,,,,,,,,,,,,,,,,,,,,,,,,,,,,,,,,,,,,,,,,,,,,,,,
Model 132,0.606,0.6863,0.4917,0.6021,0.5176,0.602,0.7121,0.297,0.193477799,0.036007846,-0.147173318,-0.14375314,0.166852025,0.046371023,0.251988378,0.419514837,/cns/lu-d/home/srjoglekar/noss/distilled_tflite/model_132.tflite,3339,tiny,TRUE,1.25,TRUE,FALSE,6.398246765,1.012768293,4.20002521,2.40921256,6.818102041,,,,,,,,,,,,,,,,,,,,,,,,,,,,,,,,,,,,,,,,,,,,,,,,,,,,,,,,,,,,,,,,,,,,,,,,,,,,,,,,,,,,,,,,,,,,,,,,,,,,,,,,,,,,,,,,,,,,,,,,,,,,
Model 133,0.4139,0.6863,0.375,0.5285,0.2072,0.5449,0.4848,0.0007,-0.584599497,0.036007846,-0.619852237,-0.441860839,-1.090384793,-0.184905466,-0.668662165,-0.780611674,/cns/lu-d/home/srjoglekar/noss/distilled_tflite/model_133.tflite,32190,tiny,TRUE,1.25,TRUE,TRUE,1.828308105,1.600113782,3.949711462,3.310036545,6.536411765,,,,,,,,,,,,,,,,,,,,,,,,,,,,,,,,,,,,,,,,,,,,,,,,,,,,,,,,,,,,,,,,,,,,,,,,,,,,,,,,,,,,,,,,,,,,,,,,,,,,,,,,,,,,,,,,,,,,,,,,,,,,
Model 134,0.5951,0.6667,0.575,0.6282,0.5049,0.5935,0.7576,0.2307,0.149328696,-0.043379531,0.190223032,-0.038038317,0.115412245,0.011942824,0.436280502,0.150974885,/cns/lu-d/home/srjoglekar/noss/distilled_tflite/model_134.tflite,3346,tiny,TRUE,1.5,TRUE,FALSE,8.830787659,1.365847945,4.344252174,5.973029762,16.60193443,,,,,,,,,,,,,,,,,,,,,,,,,,,,,,,,,,,,,,,,,,,,,,,,,,,,,,,,,,,,,,,,,,,,,,,,,,,,,,,,,,,,,,,,,,,,,,,,,,,,,,,,,,,,,,,,,,,,,,,,,,,,
Model 135,0.4402,0.6667,0.4583,0.5285,0.1879,0.5449,0.4545,0.0007,-0.478074599,-0.043379531,-0.282455888,-0.441860839,-1.168557056,-0.184905466,-0.791388569,-0.780611674,/cns/lu-d/home/srjoglekar/noss/distilled_tflite/model_135.tflite,3356,tiny,TRUE,1.5,TRUE,TRUE,2.475463867,1.226233702,4.274320513,5.617460674,7.89611811,,,,,,,,,,,,,,,,,,,,,,,,,,,,,,,,,,,,,,,,,,,,,,,,,,,,,,,,,,,,,,,,,,,,,,,,,,,,,,,,,,,,,,,,,,,,,,,,,,,,,,,,,,,,,,,,,,,,,,,,,,,,
Model 136,0.633,0.6765,0.525,0.6628,0.5352,0.5906,0.7879,0.3036,0.30283796,-0.003685842,-0.012295785,0.102104705,0.238138649,0.000196733,0.559006905,0.446247321,/cns/lu-d/home/srjoglekar/noss/distilled_tflite/model_136.tflite,3360,tiny,TRUE,2,TRUE,FALSE,14.4588089,5.139158974,6.681553333,4.861907767,20.6037,,,,,,,,,,,,,,,,,,,,,,,,,,,,,,,,,,,,,,,,,,,,,,,,,,,,,,,,,,,,,,,,,,,,,,,,,,,,,,,,,,,,,,,,,,,,,,,,,,,,,,,,,,,,,,,,,,,,,,,,,,,,
Model 137,0.4267,0.6863,0.425,0.5285,0.1963,0.5449,0.3939,0.0007,-0.53275468,0.036007846,-0.41733342,-0.441860839,-1.134533895,-0.184905466,-1.036841375,-0.780611674,/cns/lu-d/home/srjoglekar/noss/distilled_tflite/model_137.tflite,3347,tiny,TRUE,2,TRUE,TRUE,3.945709229,2.787094708,5.685465909,7.653152672,19.50844231,,,,,,,,,,,,,,,,,,,,,,,,,,,,,,,,,,,,,,,,,,,,,,,,,,,,,,,,,,,,,,,,,,,,,,,,,,,,,,,,,,,,,,,,,,,,,,,,,,,,,,,,,,,,,,,,,,,,,,,,,,,,
Model 138,0.6118,0.6863,0.5917,0.6349,0.5387,0.6117,0.7576,0.273,0.216969981,0.036007846,0.257864317,-0.010900795,0.252314966,0.085659673,0.436280502,0.322305805,/cns/lu-d/home/srjoglekar/noss/distilled_tflite/model_138.tflite,3357,small,FALSE,0.5,TRUE,FALSE,5.377628326,1.439371758,5.678494318,1.41352983,8.231172131,,,,,,,,,,,,,,,,,,,,,,,,,,,,,,,,,,,,,,,,,,,,,,,,,,,,,,,,,,,,,,,,,,,,,,,,,,,,,,,,,,,,,,,,,,,,,,,,,,,,,,,,,,,,,,,,,,,,,,,,,,,,
Model 139,0.4261,0.6765,0.3917,0.5285,0.2472,0.5449,0.5606,0.0007,-0.535184906,-0.003685842,-0.552210952,-0.441860839,-0.928369739,-0.184905466,-0.361643638,-0.780611674,/cns/lu-d/home/srjoglekar/noss/distilled_tflite/model_139.tflite,32207,small,FALSE,0.5,TRUE,TRUE,1.527908325,0.96987172,4.701521127,1.65307309,10.48696875,,,,,,,,,,,,,,,,,,,,,,,,,,,,,,,,,,,,,,,,,,,,,,,,,,,,,,,,,,,,,,,,,,,,,,,,,,,,,,,,,,,,,,,,,,,,,,,,,,,,,,,,,,,,,,,,,,,,,,,,,,,,
Model 140,0.588,0.6961,0.4417,0.5695,0.4004,0.6056,0.6515,0.0079,0.120571024,0.075701534,-0.349692135,-0.275795408,-0.307852083,0.060952378,0.006535572,-0.751448965,/cns/lu-d/home/srjoglekar/noss/distilled_tflite/model_140.tflite,3361,small,FALSE,0.75,TRUE,FALSE,7.080192566,2.1829869,4.784244019,4.032209677,12.66226582,,,,,,,,,,,,,,,,,,,,,,,,,,,,,,,,,,,,,,,,,,,,,,,,,,,,,,,,,,,,,,,,,,,,,,,,,,,,,,,,,,,,,,,,,,,,,,,,,,,,,,,,,,,,,,,,,,,,,,,,,,,,